bangumi_id,year,title,original_title,matched_tags,reason,bangumi_url
379954,1961,新匹诺曹历险记,The New Adventures of Pinocchio,美国,番组计划标签明确标注为其他国家或地区产出,https://bgm.tv/subject/379954
656949,1964,红鼻子驯鹿鲁道夫,Rudolph the Red-Nosed Reindeer,美国,番组计划标签明确标注为其他国家或地区产出,https://bgm.tv/subject/656949
543173,1966,大拇指汤姆,TOM of T.H.U.M.B.,美国,番组计划标签明确标注为其他国家或地区产出,https://bgm.tv/subject/543173
508351,1966,金刚,King Kong,美国,番组计划标签明确标注为其他国家或地区产出,https://bgm.tv/subject/508351
656950,1966,斯莫基熊之歌,The Ballad of Smokey the Bear,美国,番组计划标签明确标注为其他国家或地区产出,https://bgm.tv/subject/656950
656952,1967,零次元的强尼·赛弗,Johnny Cypher in Dimension Zero,美国,番组计划标签明确标注为其他国家或地区产出,https://bgm.tv/subject/656952
316793,1969,斯莫基熊,The Smokey Bear Show,美国,番组计划标签明确标注为其他国家或地区产出,https://bgm.tv/subject/316793
656954,1970,圣诞老人进城了,Santa Claus Is Comin' to Town,美国,番组计划标签明确标注为其他国家或地区产出,https://bgm.tv/subject/656954
257996,1971,海豚和少年,Oum le dauphin blanc,法国,番组计划标签明确标注为其他国家或地区产出,https://bgm.tv/subject/257996
656955,1972,世界名作童话动画,Festival of Family Classics,美国,番组计划标签明确标注为其他国家或地区产出,https://bgm.tv/subject/656955
656956,1974,没有圣诞老人的圣诞节,The Year Without a Santa Claus,美国,番组计划标签明确标注为其他国家或地区产出,https://bgm.tv/subject/656956
656957,1976,鲁道夫的闪亮新年,Rudolph's Shiny New Year,美国,番组计划标签明确标注为其他国家或地区产出,https://bgm.tv/subject/656957
190434,1979,小熊米沙,こぐまのミーシャ,苏联,番组计划标签明确标注为其他国家或地区产出,https://bgm.tv/subject/190434
656959,1980,匹诺曹的圣诞节,Pinocchio's Christmas,美国,番组计划标签明确标注为其他国家或地区产出,https://bgm.tv/subject/656959
83688,1981,宇宙传说尤利西斯31,Ulysse 31,法国,番组计划标签明确标注为其他国家或地区产出,https://bgm.tv/subject/83688
380972,1982,银河巡警PJ,Il était une fois… l'Espace,法国,番组计划标签明确标注为其他国家或地区产出,https://bgm.tv/subject/380972
312717,1983,第一个圣诞节,はじめてのクリスマス,美国,番组计划标签明确标注为其他国家或地区产出,https://bgm.tv/subject/312717
317301,1984,战斗王,Mighty Orbots,美国,番组计划标签明确标注为其他国家或地区产出,https://bgm.tv/subject/317301
523997,1985,水晶美人鱼,Sweet Sea,美国,番组计划标签明确标注为其他国家或地区产出,https://bgm.tv/subject/523997
36130,1985,蒙面斗士,M.A.S.K.,美国动画,番组计划标签明确标注为其他国家或地区产出,https://bgm.tv/subject/36130
656962,1985,圣诞老人的生活与冒险,The Life and Adventures of Santa Claus,美国,番组计划标签明确标注为其他国家或地区产出,https://bgm.tv/subject/656962
499200,1995,孔子传,孔子傳,中国 / 台湾 / 韩国,番组计划标签明确标注为其他国家或地区产出,https://bgm.tv/subject/499200
190433,1996,熊猫家族,Die Bambus-Bären-Bande,法国,番组计划标签明确标注为其他国家或地区产出,https://bgm.tv/subject/190433
164503,1997,杜立德医生的故事,ドリトル先生物語,日美合作,番组计划标签明确标注为其他国家或地区产出,https://bgm.tv/subject/164503
435597,1998,番茄酱,Ketchup,中国,番组计划标签明确标注为其他国家或地区产出,https://bgm.tv/subject/435597
73801,1999,亚历山大战记,アレクサンダー戦記,日美韩合拍,番组计划标签明确标注为其他国家或地区产出,https://bgm.tv/subject/73801
188952,2000,友爱小孤星,Marcelino Pan y Vino,法国,番组计划标签明确标注为其他国家或地区产出,https://bgm.tv/subject/188952
37494,2001,丸町战神,RUN=DIM,韩国,番组计划标签明确标注为其他国家或地区产出,https://bgm.tv/subject/37494
209603,2001,幻影斗士,바스토프 레몬,韩国,番组计划标签明确标注为其他国家或地区产出,https://bgm.tv/subject/209603
186077,2001,机械小立方,큐빅스,日韩合作 / 韩国,番组计划标签明确标注为其他国家或地区产出,https://bgm.tv/subject/186077
161679,2001,炫风太郎,기파이터 태랑,韩国,番组计划标签明确标注为其他国家或地区产出,https://bgm.tv/subject/161679
54038,2001,银河五虎将,ガイスターズ FRACTIONS OF THE EARTH,韩国 / 韩国动画,番组计划标签明确标注为其他国家或地区产出,https://bgm.tv/subject/54038
44679,2001,神雕侠侣I：古墓奇缘,神雕俠侶I：古墓奇緣,中国 / 中日合作 / 香港,番组计划标签明确标注为其他国家或地区产出,https://bgm.tv/subject/44679
188943,2002,キックオフ2002,キックオフ2002,日韩合作 / 韩国,番组计划标签明确标注为其他国家或地区产出,https://bgm.tv/subject/188943
209595,2003,坦克王,無限戦記ポトリス,韩国,番组计划标签明确标注为其他国家或地区产出,https://bgm.tv/subject/209595
3407,2004,仙境传说,RAGNAROK THE ANIMATION,韩国,番组计划标签明确标注为其他国家或地区产出,https://bgm.tv/subject/3407
198447,2004,分水岭,分水岭,国产,番组计划标签明确标注为其他国家或地区产出,https://bgm.tv/subject/198447
24355,2005,奇幻宝贝,카드왕 믹스마스터,中国 / 韩国,番组计划标签明确标注为其他国家或地区产出,https://bgm.tv/subject/24355
185950,2006,折纸战士,접지전사,中国 / 中日韩合作 / 台湾 / 韩国,番组计划标签明确标注为其他国家或地区产出,https://bgm.tv/subject/185950
88907,2006,奥本赛车手,Ōban Star-Racers,日法合拍 / 法国 / 美国,番组计划标签明确标注为其他国家或地区产出,https://bgm.tv/subject/88907
690285,2006,春田花花中华博物馆,春田花花中華博物館,香港,番组计划标签明确标注为其他国家或地区产出,https://bgm.tv/subject/690285
49049,2007,枫叶物语,メイプルストーリー,韩国,番组计划标签明确标注为其他国家或地区产出,https://bgm.tv/subject/49049
224253,2007,ヴァレリアン＆ロールリンヌ,ヴァレリアン＆ロールリンヌ,日法合作,番组计划标签明确标注为其他国家或地区产出,https://bgm.tv/subject/224253
404728,2008,Forsaken,Forsaken,日美合作,番组计划标签明确标注为其他国家或地区产出,https://bgm.tv/subject/404728
236121,2008,摘星,摘星,国产,番组计划标签明确标注为其他国家或地区产出,https://bgm.tv/subject/236121
236118,2008,恋雨,戀雨,国产,番组计划标签明确标注为其他国家或地区产出,https://bgm.tv/subject/236118
236138,2008,蛋糕核桃烧,蛋糕核桃燒,国产,番组计划标签明确标注为其他国家或地区产出,https://bgm.tv/subject/236138
163476,2009,诺言,诺言,国产,番组计划标签明确标注为其他国家或地区产出,https://bgm.tv/subject/163476
579370,2009,LaMB禁锢天使,LaMB禁錮天使,台湾 / 香港,番组计划标签明确标注为其他国家或地区产出,https://bgm.tv/subject/579370
1593,2009,阿拉德战记 Slap-up Party,アラド戦記 ～スラップアップパーティー～,韩国,番组计划标签明确标注为其他国家或地区产出,https://bgm.tv/subject/1593
1761,2009,元素猎人,エレメントハンター,韩国,番组计划标签明确标注为其他国家或地区产出,https://bgm.tv/subject/1761
3171,2009,冬季恋歌,冬のソナタ,韩国,番组计划标签明确标注为其他国家或地区产出,https://bgm.tv/subject/3171
78597,2009,偷星九月天之童年故事,偷星九月天之童年故事,国产,番组计划标签明确标注为其他国家或地区产出,https://bgm.tv/subject/78597
105744,2010,夏花,夏花,国产,番组计划标签明确标注为其他国家或地区产出,https://bgm.tv/subject/105744
105742,2010,溯,溯,国产,番组计划标签明确标注为其他国家或地区产出,https://bgm.tv/subject/105742
260345,2010,大小姐不会告诉你的事情,大小姐不会告诉你的事情,国产,番组计划标签明确标注为其他国家或地区产出,https://bgm.tv/subject/260345
43208,2010,旋风四驱王,ギャラクシーレーサー スキャン2ゴー,韩国,番组计划标签明确标注为其他国家或地区产出,https://bgm.tv/subject/43208
105741,2011,小小天空,小小天空,国产,番组计划标签明确标注为其他国家或地区产出,https://bgm.tv/subject/105741
49275,2011,我是中国DOTA的希望,我是中国DOTA的希望,国产,番组计划标签明确标注为其他国家或地区产出,https://bgm.tv/subject/49275
438844,2011,无敌小镇,无敌小镇,国产,番组计划标签明确标注为其他国家或地区产出,https://bgm.tv/subject/438844
552505,2011,小狐狸发明记,小狐狸发明记,国产,番组计划标签明确标注为其他国家或地区产出,https://bgm.tv/subject/552505
14738,2011,上官海铃,上官海铃,国产 / 国产动画,番组计划标签明确标注为其他国家或地区产出,https://bgm.tv/subject/14738
426084,2011,橡树餐厅,橡树餐厅,国产,番组计划标签明确标注为其他国家或地区产出,https://bgm.tv/subject/426084
388318,2011,My Last Day,My Last Day,日美合作,番组计划标签明确标注为其他国家或地区产出,https://bgm.tv/subject/388318
109729,2011,霹雳猫 2011,ThunderCats 2011,日美合作,番组计划标签明确标注为其他国家或地区产出,https://bgm.tv/subject/109729
34533,2011,任务大丈夫,任務大丈夫 Quest Busters,台湾,番组计划标签明确标注为其他国家或地区产出,https://bgm.tv/subject/34533
39052,2012,巴别崛起：序,巴别崛起：序,国产,番组计划标签明确标注为其他国家或地区产出,https://bgm.tv/subject/39052
77929,2012,诺亚动物诊所病历记录簿,諾亞動物診所病歷記錄簿,国产 / 国漫,番组计划标签明确标注为其他国家或地区产出,https://bgm.tv/subject/77929
316993,2012,拜访鲁迅恩师藤野先生的故乡·福井,魯迅の師、藤野先生の故郷・福井をたずねて,中国,番组计划标签明确标注为其他国家或地区产出,https://bgm.tv/subject/316993
76193,2012,纸片战记,纸片战记,国产,番组计划标签明确标注为其他国家或地区产出,https://bgm.tv/subject/76193
77084,2012,Bad Days Season 1,Bad Days Season 1,美国动画,番组计划标签明确标注为其他国家或地区产出,https://bgm.tv/subject/77084
183962,2012,宫子,宫子,国产,番组计划标签明确标注为其他国家或地区产出,https://bgm.tv/subject/183962
43300,2012,能量兽之战,獣旋バトル モンスーノ,日美合作,番组计划标签明确标注为其他国家或地区产出,https://bgm.tv/subject/43300
74116,2013,暴走漫画,暴走漫画,国产,番组计划标签明确标注为其他国家或地区产出,https://bgm.tv/subject/74116
310421,2013,找到这颗星球,找到这颗星球,国产,番组计划标签明确标注为其他国家或地区产出,https://bgm.tv/subject/310421
77085,2013,Bad Days Season 2,Bad Days Season 2,美国动画,番组计划标签明确标注为其他国家或地区产出,https://bgm.tv/subject/77085
56114,2013,KARA THE ANIMATION,KARA THE ANIMATION,韩国,番组计划标签明确标注为其他国家或地区产出,https://bgm.tv/subject/56114
80378,2013,暴走漫画 第二季,暴走漫画 第二季,国产,番组计划标签明确标注为其他国家或地区产出,https://bgm.tv/subject/80378
435576,2013,死神训练班,死神訓練班,国产,番组计划标签明确标注为其他国家或地区产出,https://bgm.tv/subject/435576
305719,2013,一路狂奔！！,一路狂奔！！,国产,番组计划标签明确标注为其他国家或地区产出,https://bgm.tv/subject/305719
82046,2013,倒不了的塔,倒不了的塔,中國動畫 / 国产,番组计划标签明确标注为其他国家或地区产出,https://bgm.tv/subject/82046
91596,2013,爷爷去哪儿,爷爷去哪儿,国产,番组计划标签明确标注为其他国家或地区产出,https://bgm.tv/subject/91596
93158,2013,异地生,异地生,国产,番组计划标签明确标注为其他国家或地区产出,https://bgm.tv/subject/93158
44461,2014,纳米核心,纳米核心,国产,番组计划标签明确标注为其他国家或地区产出,https://bgm.tv/subject/44461
97112,2014,超有病 勇者传说,超有病 勇者传说,国产,番组计划标签明确标注为其他国家或地区产出,https://bgm.tv/subject/97112
126700,2014,暴走漫画 第三季,暴走漫画 第三季,国产,番组计划标签明确标注为其他国家或地区产出,https://bgm.tv/subject/126700
105153,2014,刷兵男的搞笑剧场,刷兵男的搞笑剧场,国产,番组计划标签明确标注为其他国家或地区产出,https://bgm.tv/subject/105153
115205,2014,倒不了的塔 第二季,倒不了的塔 第二季,国产,番组计划标签明确标注为其他国家或地区产出,https://bgm.tv/subject/115205
113486,2014,十九国,十九国,国产,番组计划标签明确标注为其他国家或地区产出,https://bgm.tv/subject/113486
126702,2014,每日一暴,每日一暴,国产,番组计划标签明确标注为其他国家或地区产出,https://bgm.tv/subject/126702
228260,2014,23F,23F,国产,番组计划标签明确标注为其他国家或地区产出,https://bgm.tv/subject/228260
180492,2014,妙先生之火泽睽笑人传,妙先生 火泽睽·笑人传,国产,番组计划标签明确标注为其他国家或地区产出,https://bgm.tv/subject/180492
228667,2014,功夫鸡,功夫鸡,国产,番组计划标签明确标注为其他国家或地区产出,https://bgm.tv/subject/228667
311140,2014,妙先生之雁落大道,雁落大道,国产,番组计划标签明确标注为其他国家或地区产出,https://bgm.tv/subject/311140
113078,2014,夏恋战机,夏恋戦機,国产,番组计划标签明确标注为其他国家或地区产出,https://bgm.tv/subject/113078
548454,2014,戚继光,戚继光,国产,番组计划标签明确标注为其他国家或地区产出,https://bgm.tv/subject/548454
126421,2014,偷星九月天之侦探学院,偷星九月天之侦探学院,国产,番组计划标签明确标注为其他国家或地区产出,https://bgm.tv/subject/126421
165623,2014,吃饭睡觉打豆豆,吃饭睡觉打豆豆,国产,番组计划标签明确标注为其他国家或地区产出,https://bgm.tv/subject/165623
112978,2014,端脑,端脑,国产,番组计划标签明确标注为其他国家或地区产出,https://bgm.tv/subject/112978
404731,2014,It Girl,It Girl,日美合作,番组计划标签明确标注为其他国家或地区产出,https://bgm.tv/subject/404731
149538,2015,幸运派传说,幸运派传说,国产,番组计划标签明确标注为其他国家或地区产出,https://bgm.tv/subject/149538
132218,2015,暴走撸啊撸,暴走撸啊撸,国产 / 国漫,番组计划标签明确标注为其他国家或地区产出,https://bgm.tv/subject/132218
161184,2015,大力金刚,大力金刚,国产 / 国漫,番组计划标签明确标注为其他国家或地区产出,https://bgm.tv/subject/161184
404768,2015,Berg,Berg,日美合作,番组计划标签明确标注为其他国家或地区产出,https://bgm.tv/subject/404768
170900,2015,梦想咨客,梦想咨客,国产,番组计划标签明确标注为其他国家或地区产出,https://bgm.tv/subject/170900
138600,2015,民间鬼术,民间鬼术,国产,番组计划标签明确标注为其他国家或地区产出,https://bgm.tv/subject/138600
143387,2015,禽兽超人,禽兽超人,国产,番组计划标签明确标注为其他国家或地区产出,https://bgm.tv/subject/143387
152955,2015,无英雄不联盟,无英雄不联盟,国产,番组计划标签明确标注为其他国家或地区产出,https://bgm.tv/subject/152955
207418,2015,暴走恐怖故事 第三季,暴走恐怖故事 第3季,国产 / 国漫,番组计划标签明确标注为其他国家或地区产出,https://bgm.tv/subject/207418
159885,2015,疯狂时代,疯狂时代,国产,番组计划标签明确标注为其他国家或地区产出,https://bgm.tv/subject/159885
137647,2015,诡水疑云,诡水疑云,国产,番组计划标签明确标注为其他国家或地区产出,https://bgm.tv/subject/137647
148829,2015,疯暴英雄,疯暴英雄,国产,番组计划标签明确标注为其他国家或地区产出,https://bgm.tv/subject/148829
149539,2015,丙级超人快递侠,丙级超人快递侠,国产,番组计划标签明确标注为其他国家或地区产出,https://bgm.tv/subject/149539
162743,2015,你好鸡智,你好鸡智,国产,番组计划标签明确标注为其他国家或地区产出,https://bgm.tv/subject/162743
161359,2015,捏捏大爆炸,捏捏大爆炸,国产,番组计划标签明确标注为其他国家或地区产出,https://bgm.tv/subject/161359
147706,2015,疯味英雄,疯味英雄,国产,番组计划标签明确标注为其他国家或地区产出,https://bgm.tv/subject/147706
149545,2015,快递侠外传,快递侠外传,国产,番组计划标签明确标注为其他国家或地区产出,https://bgm.tv/subject/149545
161564,2015,白想这么多,白想这么多,国产,番组计划标签明确标注为其他国家或地区产出,https://bgm.tv/subject/161564
404732,2015,L'Œil du cyclone,L'Œil du cyclone,日法合作,番组计划标签明确标注为其他国家或地区产出,https://bgm.tv/subject/404732
161383,2015,绝地十日,绝地十日,中国动画 / 国产,番组计划标签明确标注为其他国家或地区产出,https://bgm.tv/subject/161383
175980,2015,歪瓜裂枣办公室,歪瓜裂枣办公室,国产,番组计划标签明确标注为其他国家或地区产出,https://bgm.tv/subject/175980
167982,2015,呀！小鬼之别惹小鬼,呀！小鬼,国产,番组计划标签明确标注为其他国家或地区产出,https://bgm.tv/subject/167982
164310,2016,一雪,一雪,国产,番组计划标签明确标注为其他国家或地区产出,https://bgm.tv/subject/164310
167871,2016,小破孩有内涵,小破孩有内涵,国产,番组计划标签明确标注为其他国家或地区产出,https://bgm.tv/subject/167871
169365,2016,天狼战记,天狼战记,国产,番组计划标签明确标注为其他国家或地区产出,https://bgm.tv/subject/169365
167983,2016,呀！小鬼之忍者的复仇,呀！小鬼 2,国产,番组计划标签明确标注为其他国家或地区产出,https://bgm.tv/subject/167983
168198,2016,小破孩猴年小段子,小破孩猴年小段子,国产,番组计划标签明确标注为其他国家或地区产出,https://bgm.tv/subject/168198
170063,2016,周一惊魂,周一惊魂,国产,番组计划标签明确标注为其他国家或地区产出,https://bgm.tv/subject/170063
174090,2016,灯泡人,灯泡人,国产,番组计划标签明确标注为其他国家或地区产出,https://bgm.tv/subject/174090
170065,2016,这个女生很普通,这个女生很普通,国产 / 国漫,番组计划标签明确标注为其他国家或地区产出,https://bgm.tv/subject/170065
178642,2016,Flowering Heart,플라워링 하트,韩国 / 韩日合作,番组计划标签明确标注为其他国家或地区产出,https://bgm.tv/subject/178642
171665,2016,呀！小鬼之小鬼前传,呀！小鬼 3,国产,番组计划标签明确标注为其他国家或地区产出,https://bgm.tv/subject/171665
171339,2016,暴基枪手,暴基枪手,国产,番组计划标签明确标注为其他国家或地区产出,https://bgm.tv/subject/171339
174227,2016,火线传奇,火线传奇,国产 / 国漫,番组计划标签明确标注为其他国家或地区产出,https://bgm.tv/subject/174227
171866,2016,三剑豪之半面人,半面人,中国动画 / 国产,番组计划标签明确标注为其他国家或地区产出,https://bgm.tv/subject/171866
207419,2016,暴走恐怖故事 第四季,暴走恐怖故事 第4季,国产 / 国漫,番组计划标签明确标注为其他国家或地区产出,https://bgm.tv/subject/207419
178341,2016,民间鬼术 第二季,民间鬼术 第2季,国产,番组计划标签明确标注为其他国家或地区产出,https://bgm.tv/subject/178341
205534,2016,火线小剧场 第一季,火线小剧场,国产 / 国漫,番组计划标签明确标注为其他国家或地区产出,https://bgm.tv/subject/205534
180079,2016,大力金刚 第二季,大力金刚 第二季,国产 / 国漫,番组计划标签明确标注为其他国家或地区产出,https://bgm.tv/subject/180079
161941,2016,纳米核心 抉择篇,纳米核心 第二季,国产,番组计划标签明确标注为其他国家或地区产出,https://bgm.tv/subject/161941
178526,2016,天界电台,天界电台,国产,番组计划标签明确标注为其他国家或地区产出,https://bgm.tv/subject/178526
178893,2016,鼠狗大战乐翻天,鼠狗大战乐翻天,国产,番组计划标签明确标注为其他国家或地区产出,https://bgm.tv/subject/178893
179999,2016,我差点就信了,我差点就信了,国产 / 国漫,番组计划标签明确标注为其他国家或地区产出,https://bgm.tv/subject/179999
181888,2016,小人书,小人书,国产,番组计划标签明确标注为其他国家或地区产出,https://bgm.tv/subject/181888
183746,2016,小鸡彩虹,小鸡彩虹,国产,番组计划标签明确标注为其他国家或地区产出,https://bgm.tv/subject/183746
183748,2016,疯狂时代 第二季,疯狂时代 第2季,国产,番组计划标签明确标注为其他国家或地区产出,https://bgm.tv/subject/183748
212128,2016,前方高能之神烦狗,前方高能之神烦狗,国产 / 国漫,番组计划标签明确标注为其他国家或地区产出,https://bgm.tv/subject/212128
184672,2016,歪瓜裂枣办公室 第二季,歪瓜裂枣办公室 第二季,国产,番组计划标签明确标注为其他国家或地区产出,https://bgm.tv/subject/184672
185211,2016,快递侠 第二季,快递侠 第二季,国产,番组计划标签明确标注为其他国家或地区产出,https://bgm.tv/subject/185211
240765,2016,开心兔,开心兔,国产,番组计划标签明确标注为其他国家或地区产出,https://bgm.tv/subject/240765
186516,2016,襄阳萌物语,襄阳萌物语,国产 / 国漫,番组计划标签明确标注为其他国家或地区产出,https://bgm.tv/subject/186516
175457,2016,一人之下,一人之下 the outcast,中国 / 国漫,番组计划标签明确标注为其他国家或地区产出,https://bgm.tv/subject/175457
187141,2016,我的冒险世界,我的冒险世界,国产,番组计划标签明确标注为其他国家或地区产出,https://bgm.tv/subject/187141
449830,2016,雪子的小小野望,ユキのネガイ,国产,番组计划标签明确标注为其他国家或地区产出,https://bgm.tv/subject/449830
187571,2016,禽兽超人之无奸不摧,禽兽超人之无奸不摧,国产,番组计划标签明确标注为其他国家或地区产出,https://bgm.tv/subject/187571
205301,2016,废柴狐阿桔,废柴狐阿桔,国产 / 国漫,番组计划标签明确标注为其他国家或地区产出,https://bgm.tv/subject/205301
228781,2016,大星作之一贱倾心,大星作,国产,番组计划标签明确标注为其他国家或地区产出,https://bgm.tv/subject/228781
191250,2016,我们不捉妖，我们只是妖怪的搬运工,我们不捉妖，我们只是妖怪的搬运工,国产,番组计划标签明确标注为其他国家或地区产出,https://bgm.tv/subject/191250
311770,2016,火线小剧场 第二季,火线小剧场 第二季,国产 / 国漫,番组计划标签明确标注为其他国家或地区产出,https://bgm.tv/subject/311770
195055,2016,我爱大湿兄,我爱大湿兄,国产 / 国漫,番组计划标签明确标注为其他国家或地区产出,https://bgm.tv/subject/195055
191653,2016,时空囚徒,Bloodivores,中国,番组计划标签明确标注为其他国家或地区产出,https://bgm.tv/subject/191653
195783,2016,米诺的中二青春,米诺的中二青春,国产,番组计划标签明确标注为其他国家或地区产出,https://bgm.tv/subject/195783
195053,2016,我差点就信了 第二季,我差点就信了 第2季,国产 / 国漫,番组计划标签明确标注为其他国家或地区产出,https://bgm.tv/subject/195053
404769,2016,Alluptoyou,Alluptoyou,日美合作,番组计划标签明确标注为其他国家或地区产出,https://bgm.tv/subject/404769
195784,2016,皇霸天下,皇霸天下,国产 / 国漫,番组计划标签明确标注为其他国家或地区产出,https://bgm.tv/subject/195784
414867,2016,蛇女复仇记,ouro,国产,番组计划标签明确标注为其他国家或地区产出,https://bgm.tv/subject/414867
196973,2016,金牌帮帮帮,金牌帮帮帮,国产,番组计划标签明确标注为其他国家或地区产出,https://bgm.tv/subject/196973
197486,2016,天才联盟,天才联盟,国产,番组计划标签明确标注为其他国家或地区产出,https://bgm.tv/subject/197486
336022,2016,天下第几,天下第几,国产,番组计划标签明确标注为其他国家或地区产出,https://bgm.tv/subject/336022
203759,2016,枪灵计划,枪灵计划,国产,番组计划标签明确标注为其他国家或地区产出,https://bgm.tv/subject/203759
201484,2016,封印者：Side Blacklambs,클로저스 : SIDE BLACKLAMBS,韩国动画,番组计划标签明确标注为其他国家或地区产出,https://bgm.tv/subject/201484
246237,2016,草精灵,草精灵,国产,番组计划标签明确标注为其他国家或地区产出,https://bgm.tv/subject/246237
204251,2017,超游世界,超游世界,中国,番组计划标签明确标注为其他国家或地区产出,https://bgm.tv/subject/204251
212127,2017,前方高能之滑稽,前方高能之滑稽,国产,番组计划标签明确标注为其他国家或地区产出,https://bgm.tv/subject/212127
165802,2017,A站药丸,A站药丸,中国,番组计划标签明确标注为其他国家或地区产出,https://bgm.tv/subject/165802
208504,2017,暴走恐怖故事 第五季 诡闻秘案,暴走恐怖故事 第5季,国产,番组计划标签明确标注为其他国家或地区产出,https://bgm.tv/subject/208504
208713,2017,三只兔子,三只兔子,国产,番组计划标签明确标注为其他国家或地区产出,https://bgm.tv/subject/208713
228226,2017,卡地卡哇寺,卡地卡哇寺,国产,番组计划标签明确标注为其他国家或地区产出,https://bgm.tv/subject/228226
228228,2017,玫瑰公寓,玫瑰公寓,国产 / 国产动画,番组计划标签明确标注为其他国家或地区产出,https://bgm.tv/subject/228228
227777,2017,茅屋爷爷讲故事,茅屋爷爷讲故事,国产,番组计划标签明确标注为其他国家或地区产出,https://bgm.tv/subject/227777
173850,2017,银之守墓人,银之守墓人,中国,番组计划标签明确标注为其他国家或地区产出,https://bgm.tv/subject/173850
229729,2017,小鸡彩虹 第二季,小鸡彩虹 第2季,国产,番组计划标签明确标注为其他国家或地区产出,https://bgm.tv/subject/229729
229730,2017,小鸡彩虹 第三季,小鸡彩虹 第3季,国产,番组计划标签明确标注为其他国家或地区产出,https://bgm.tv/subject/229730
228227,2017,飞飞雁儿,飞飞雁儿,国产,番组计划标签明确标注为其他国家或地区产出,https://bgm.tv/subject/228227
209955,2017,阿拉德：宿命之门,阿拉德：宿命之门,中国,番组计划标签明确标注为其他国家或地区产出,https://bgm.tv/subject/209955
194822,2017,幻镜诺德琳,幻镜诺德琳,国产,番组计划标签明确标注为其他国家或地区产出,https://bgm.tv/subject/194822
223020,2017,民间鬼术 第三季,民间鬼术 第3季,国产,番组计划标签明确标注为其他国家或地区产出,https://bgm.tv/subject/223020
211549,2017,火线传奇 第三季,火线传奇 第三季,国产 / 国漫,番组计划标签明确标注为其他国家或地区产出,https://bgm.tv/subject/211549
311772,2017,火线小剧场 第三季,火线小剧场 第三季,国产 / 国漫,番组计划标签明确标注为其他国家或地区产出,https://bgm.tv/subject/311772
262487,2017,黄逗菌,黄逗菌,国产,番组计划标签明确标注为其他国家或地区产出,https://bgm.tv/subject/262487
216137,2017,食神魂,食神魂,国产,番组计划标签明确标注为其他国家或地区产出,https://bgm.tv/subject/216137
223082,2017,足球江湖,足球江湖,国产,番组计划标签明确标注为其他国家或地区产出,https://bgm.tv/subject/223082
232984,2017,前方高能之辣稽,前方高能之辣稽,国产,番组计划标签明确标注为其他国家或地区产出,https://bgm.tv/subject/232984
270242,2017,王者？别闹！,王者？别闹！,国产 / 国漫,番组计划标签明确标注为其他国家或地区产出,https://bgm.tv/subject/270242
223005,2017,暴基枪手之AK西游,暴基枪手之AK西游,国产,番组计划标签明确标注为其他国家或地区产出,https://bgm.tv/subject/223005
222278,2017,峡谷重案组,峡谷重案组,国产 / 国漫,番组计划标签明确标注为其他国家或地区产出,https://bgm.tv/subject/222278
223066,2017,禽兽超人之迷雾围城,禽兽超人之迷雾围城,国产,番组计划标签明确标注为其他国家或地区产出,https://bgm.tv/subject/223066
223092,2017,心灵方块：我的冒险世界2,心灵方块：我的冒险世界2,国产,番组计划标签明确标注为其他国家或地区产出,https://bgm.tv/subject/223092
223132,2017,无聊诗社,无聊诗社,国产,番组计划标签明确标注为其他国家或地区产出,https://bgm.tv/subject/223132
228445,2017,拇指鸡,拇指鸡,国产,番组计划标签明确标注为其他国家或地区产出,https://bgm.tv/subject/228445
220920,2017,以太之子,Children of Ether,日法合作,番组计划标签明确标注为其他国家或地区产出,https://bgm.tv/subject/220920
189780,2017,纳米核心 黄昏篇,纳米核心 第三季,国产,番组计划标签明确标注为其他国家或地区产出,https://bgm.tv/subject/189780
404734,2017,Love in Ruins,Love in Ruins,日美合作,番组计划标签明确标注为其他国家或地区产出,https://bgm.tv/subject/404734
165251,2017,拳皇命运,拳皇命运,中国,番组计划标签明确标注为其他国家或地区产出,https://bgm.tv/subject/165251
579269,2017,守坝员的诗,Pig: The Dam Keeper Poems,美国,番组计划标签明确标注为其他国家或地区产出,https://bgm.tv/subject/579269
234078,2017,酷杰的科学之旅之森林探险,酷杰的科学之旅——森林探险,国产,番组计划标签明确标注为其他国家或地区产出,https://bgm.tv/subject/234078
226178,2017,我的女友,我的女友,国产,番组计划标签明确标注为其他国家或地区产出,https://bgm.tv/subject/226178
247974,2017,百变布鲁可,百变布鲁可,国产,番组计划标签明确标注为其他国家或地区产出,https://bgm.tv/subject/247974
225801,2017,银翼杀手：2022大断电,ブレードランナー ブラックアウト 2022,美国,番组计划标签明确标注为其他国家或地区产出,https://bgm.tv/subject/225801
214518,2017,少年锦衣卫 第二季,少年锦衣卫 第二季,国产,番组计划标签明确标注为其他国家或地区产出,https://bgm.tv/subject/214518
226766,2017,兔潮帮,兔潮帮,国产,番组计划标签明确标注为其他国家或地区产出,https://bgm.tv/subject/226766
226798,2017,众生无相,众生无相,国产,番组计划标签明确标注为其他国家或地区产出,https://bgm.tv/subject/226798
207866,2017,凹凸世界 第二季,凹凸世界 第二季,国产 / 国漫,番组计划标签明确标注为其他国家或地区产出,https://bgm.tv/subject/207866
241973,2017,贤二新传之神秘的星座,贤二新传之神秘的星座,国产,番组计划标签明确标注为其他国家或地区产出,https://bgm.tv/subject/241973
195713,2017,理想禁区,理想禁区,中国,番组计划标签明确标注为其他国家或地区产出,https://bgm.tv/subject/195713
227573,2017,纳米核心 特别篇,纳米核心 特别篇,国产,番组计划标签明确标注为其他国家或地区产出,https://bgm.tv/subject/227573
227650,2017,黄金屋,黄金屋,国产,番组计划标签明确标注为其他国家或地区产出,https://bgm.tv/subject/227650
208773,2017,机甲大师,ROBOMASTERS THE ANIMATED SERIES,中日合作,番组计划标签明确标注为其他国家或地区产出,https://bgm.tv/subject/208773
337863,2017,王兄李兄没完没了的故事,王兄李兄没完没了的故事,国产,番组计划标签明确标注为其他国家或地区产出,https://bgm.tv/subject/337863
228129,2017,我是一只独角兽,我是一只独角兽,国产,番组计划标签明确标注为其他国家或地区产出,https://bgm.tv/subject/228129
228331,2017,女生宿舍日常 第二季,女生宿舍日常 第2季,国产,番组计划标签明确标注为其他国家或地区产出,https://bgm.tv/subject/228331
228891,2017,荒野之歌,荒野之歌,国产,番组计划标签明确标注为其他国家或地区产出,https://bgm.tv/subject/228891
232985,2017,哈哈滑小稽,哈哈滑小稽,国产,番组计划标签明确标注为其他国家或地区产出,https://bgm.tv/subject/232985
229732,2017,暴走恐怖故事 第六季 惊门诡事,暴走恐怖故事 第6季,国产,番组计划标签明确标注为其他国家或地区产出,https://bgm.tv/subject/229732
311776,2017,片神约约约,片神约约约,国产,番组计划标签明确标注为其他国家或地区产出,https://bgm.tv/subject/311776
231604,2017,信,The Letter,国产,番组计划标签明确标注为其他国家或地区产出,https://bgm.tv/subject/231604
582867,2017,部落冲突,Clash-A-Rama,国产,番组计划标签明确标注为其他国家或地区产出,https://bgm.tv/subject/582867
231974,2017,非人哉之神仙也爱吃,非人哉之神仙也爱吃,国产,番组计划标签明确标注为其他国家或地区产出,https://bgm.tv/subject/231974
235237,2018,深夜渔堂,深夜渔堂,国产,番组计划标签明确标注为其他国家或地区产出,https://bgm.tv/subject/235237
235204,2018,王者歪传,王者歪传,国产 / 国漫,番组计划标签明确标注为其他国家或地区产出,https://bgm.tv/subject/235204
234779,2018,混沌之行,混沌之行,国产,番组计划标签明确标注为其他国家或地区产出,https://bgm.tv/subject/234779
236566,2018,宿舍不日常,宿舍不日常,国产,番组计划标签明确标注为其他国家或地区产出,https://bgm.tv/subject/236566
245129,2018,Joy Story：Joy与鹭,Joy Story：Joy与鹭,国产,番组计划标签明确标注为其他国家或地区产出,https://bgm.tv/subject/245129
234061,2018,峡谷重案组 第二季,峡谷重案组2,国产,番组计划标签明确标注为其他国家或地区产出,https://bgm.tv/subject/234061
240259,2018,三只兔子 第二季,三只兔子 第2季,国产,番组计划标签明确标注为其他国家或地区产出,https://bgm.tv/subject/240259
239961,2018,小兵杨来西,小兵・杨来西,国产,番组计划标签明确标注为其他国家或地区产出,https://bgm.tv/subject/239961
240298,2018,新麦圈可可美食天下 第二季,新麦圈可可美食天下 第2季,国产,番组计划标签明确标注为其他国家或地区产出,https://bgm.tv/subject/240298
222203,2018,食神魂 第二季,食神魂 第二季,国产,番组计划标签明确标注为其他国家或地区产出,https://bgm.tv/subject/222203
241183,2018,百变马丁 第三季,百变马丁 第3季,国产,番组计划标签明确标注为其他国家或地区产出,https://bgm.tv/subject/241183
228148,2018,SNS警察,SNSポリス,国产,番组计划标签明确标注为其他国家或地区产出,https://bgm.tv/subject/228148
249074,2018,百变布鲁可 第二季,百变布鲁可 第2季,国产,番组计划标签明确标注为其他国家或地区产出,https://bgm.tv/subject/249074
242963,2018,小兵杨来西 第二部,小兵・杨来西 第二部,国产,番组计划标签明确标注为其他国家或地区产出,https://bgm.tv/subject/242963
245783,2018,无聊诗社 第二季,无聊诗社 第2季,国产,番组计划标签明确标注为其他国家或地区产出,https://bgm.tv/subject/245783
246955,2018,蛋星侠,蛋星侠,国产,番组计划标签明确标注为其他国家或地区产出,https://bgm.tv/subject/246955
247806,2018,小鸡彩虹 第四季,小鸡彩虹 第4季,国产,番组计划标签明确标注为其他国家或地区产出,https://bgm.tv/subject/247806
260790,2018,峭壁小镇,CliffSide,美国动画,番组计划标签明确标注为其他国家或地区产出,https://bgm.tv/subject/260790
412679,2018,狐说,狐说,国产,番组计划标签明确标注为其他国家或地区产出,https://bgm.tv/subject/412679
247425,2018,吃鸡大作战,吃鸡大作战,国产,番组计划标签明确标注为其他国家或地区产出,https://bgm.tv/subject/247425
249069,2018,赛尔号第9季：霹雳九重天,赛尔号第9季：霹雳九重天,国产 / 国漫,番组计划标签明确标注为其他国家或地区产出,https://bgm.tv/subject/249069
247284,2018,枪神记 特工世界篇,枪神记 特工世界篇,中国动画 / 国产,番组计划标签明确标注为其他国家或地区产出,https://bgm.tv/subject/247284
247953,2018,斗魂卫之玄月奇缘,斗魂卫之玄月奇缘,中国动画 / 国产 / 国产动画,番组计划标签明确标注为其他国家或地区产出,https://bgm.tv/subject/247953
242737,2018,天才玩偶,天才玩偶,中国,番组计划标签明确标注为其他国家或地区产出,https://bgm.tv/subject/242737
252736,2018,纳米学院,纳米学院,国产 / 国漫,番组计划标签明确标注为其他国家或地区产出,https://bgm.tv/subject/252736
258390,2018,スペースバグ,スペースバグ,韩国,番组计划标签明确标注为其他国家或地区产出,https://bgm.tv/subject/258390
415426,2018,无限立方,∞³（无限立方）,国产,番组计划标签明确标注为其他国家或地区产出,https://bgm.tv/subject/415426
260496,2018,金牌帮帮帮之家与希望,金牌帮帮帮之家与希望,国产,番组计划标签明确标注为其他国家或地区产出,https://bgm.tv/subject/260496
307046,2018,平安京车神记,平安京车神记,中日合作 / 国产,番组计划标签明确标注为其他国家或地区产出,https://bgm.tv/subject/307046
249243,2018,喂，看见耳朵啦,喂，看见耳朵啦,中国,番组计划标签明确标注为其他国家或地区产出,https://bgm.tv/subject/249243
259037,2018,天堂镇警局,Paradise PD,美国动画,番组计划标签明确标注为其他国家或地区产出,https://bgm.tv/subject/259037
260937,2018,海尔兄弟宇宙大冒险,海尔兄弟宇宙大冒险,国产,番组计划标签明确标注为其他国家或地区产出,https://bgm.tv/subject/260937
262490,2018,黄逗菌 第二季,黄逗菌 第2季,国产,番组计划标签明确标注为其他国家或地区产出,https://bgm.tv/subject/262490
262127,2018,灵邪记,灵邪记,国产,番组计划标签明确标注为其他国家或地区产出,https://bgm.tv/subject/262127
262826,2018,动物合唱团,动物合唱团,国产,番组计划标签明确标注为其他国家或地区产出,https://bgm.tv/subject/262826
154771,2018,轩辕剑·苍之曜,軒轅剣・蒼き曜,中日合作,番组计划标签明确标注为其他国家或地区产出,https://bgm.tv/subject/154771
262677,2018,战斗吧歌姬 第零季,战斗吧歌姬 第零季,国产,番组计划标签明确标注为其他国家或地区产出,https://bgm.tv/subject/262677
223127,2018,狐狸之声,狐狸之声,中国,番组计划标签明确标注为其他国家或地区产出,https://bgm.tv/subject/223127
262684,2018,乌龙院之活宝传奇 第2季,乌龙院之活宝传奇 第2季,国产 / 国漫,番组计划标签明确标注为其他国家或地区产出,https://bgm.tv/subject/262684
262678,2018,战斗吧歌姬 第一季,战斗吧歌姬 第一季,国产,番组计划标签明确标注为其他国家或地区产出,https://bgm.tv/subject/262678
263194,2018,由你玩四年第一季,由你玩四年 第一季,国产,番组计划标签明确标注为其他国家或地区产出,https://bgm.tv/subject/263194
305943,2018,峡谷重案组 第三季,峡谷重案组3,国产 / 国漫,番组计划标签明确标注为其他国家或地区产出,https://bgm.tv/subject/305943
404730,2018,I Like It,I Like It,日美合作,番组计划标签明确标注为其他国家或地区产出,https://bgm.tv/subject/404730
309963,2018,雷霆使命,雷霆使命,国产,番组计划标签明确标注为其他国家或地区产出,https://bgm.tv/subject/309963
305599,2018,熊起的圣诞趴,熊起的圣诞趴,国产,番组计划标签明确标注为其他国家或地区产出,https://bgm.tv/subject/305599
272027,2018,餐桌上的世说新语,餐桌上的世说新语,国产 / 国漫,番组计划标签明确标注为其他国家或地区产出,https://bgm.tv/subject/272027
271248,2019,玄玄英雄传,玄玄英雄传,国产 / 国漫,番组计划标签明确标注为其他国家或地区产出,https://bgm.tv/subject/271248
302470,2019,石器時代：尋找傳說中的寵物,石器時代：尋找傳說中的寵物,国产,番组计划标签明确标注为其他国家或地区产出,https://bgm.tv/subject/302470
517092,2019,美杜莎 - 前传,MEDUSA - The prequel,台湾,番组计划标签明确标注为其他国家或地区产出,https://bgm.tv/subject/517092
274936,2019,合拍学生妹,合拍学生妹,国产,番组计划标签明确标注为其他国家或地区产出,https://bgm.tv/subject/274936
271073,2019,喂，看见耳朵啦 第二季,喂，看见耳朵啦 第二季,中国,番组计划标签明确标注为其他国家或地区产出,https://bgm.tv/subject/271073
283629,2019,战斗吧歌姬！闪耀的日常,战斗吧歌姬！闪耀的日常,国产,番组计划标签明确标注为其他国家或地区产出,https://bgm.tv/subject/283629
295027,2019,STORY,STORY,国产,番组计划标签明确标注为其他国家或地区产出,https://bgm.tv/subject/295027
311819,2019,厦门之夏,厦门之夏,国产,番组计划标签明确标注为其他国家或地区产出,https://bgm.tv/subject/311819
332188,2019,D5小队,D5小队,国产,番组计划标签明确标注为其他国家或地区产出,https://bgm.tv/subject/332188
404758,2019,You Should See Me in a Crown,You Should See Me in a Crown,日美合作,番组计划标签明确标注为其他国家或地区产出,https://bgm.tv/subject/404758
244900,2019,拾又之国,群青のマグメル,国漫,番组计划标签明确标注为其他国家或地区产出,https://bgm.tv/subject/244900
283522,2019,战斗吧歌姬！ 第二季,战斗吧歌姬！ 第二季,中日合作 / 国产,番组计划标签明确标注为其他国家或地区产出,https://bgm.tv/subject/283522
298425,2019,王者？别闹！ 第二季,王者？别闹！ 第二季,国产 / 国漫,番组计划标签明确标注为其他国家或地区产出,https://bgm.tv/subject/298425
404735,2019,More feat. Anderson .Paak,More feat. Anderson .Paak,日美合作,番组计划标签明确标注为其他国家或地区产出,https://bgm.tv/subject/404735
415184,2019,正义使者,正义使者,国产,番组计划标签明确标注为其他国家或地区产出,https://bgm.tv/subject/415184
283642,2019,女武神的餐桌,女武神的餐桌,国产,番组计划标签明确标注为其他国家或地区产出,https://bgm.tv/subject/283642
309964,2019,破晓行动队,破晓行动队,国产,番组计划标签明确标注为其他国家或地区产出,https://bgm.tv/subject/309964
217405,2019,少女前线 人型小剧场,少女前线 人型小剧场,国产,番组计划标签明确标注为其他国家或地区产出,https://bgm.tv/subject/217405
311777,2019,吃鸡大作战 第二季 沙岛生存大挑战,吃鸡大作战 第2季 沙岛生存大挑战,国产,番组计划标签明确标注为其他国家或地区产出,https://bgm.tv/subject/311777
288384,2019,大主宰,大主宰,国产 / 国漫,番组计划标签明确标注为其他国家或地区产出,https://bgm.tv/subject/288384
186447,2019,大炮破坏者,Cannon Busters,美国,番组计划标签明确标注为其他国家或地区产出,https://bgm.tv/subject/186447
308830,2019,苏-27出击,苏-27出击,国产,番组计划标签明确标注为其他国家或地区产出,https://bgm.tv/subject/308830
349087,2019,宝贝赳赳,宝贝赳赳,国产,番组计划标签明确标注为其他国家或地区产出,https://bgm.tv/subject/349087
306740,2019,魔道祖师 黏土定格动画,魔道祖师 黏土定格动画,国产 / 国漫,番组计划标签明确标注为其他国家或地区产出,https://bgm.tv/subject/306740
292530,2019,声怒,Sturgill Simpson Presents Sound & Fury,日美合作,番组计划标签明确标注为其他国家或地区产出,https://bgm.tv/subject/292530
302137,2019,GO!GO!阿童木,GO!GO!アトム,日法合作,番组计划标签明确标注为其他国家或地区产出,https://bgm.tv/subject/302137
288780,2019,四海鲸骑 第二季,四海鲸骑 第二季,国产 / 国漫,番组计划标签明确标注为其他国家或地区产出,https://bgm.tv/subject/288780
337668,2019,麒麟先生,麒麟先生,国产,番组计划标签明确标注为其他国家或地区产出,https://bgm.tv/subject/337668
318238,2019,龙太子 第三季,The Dragon Prince Season 3,美国动画,番组计划标签明确标注为其他国家或地区产出,https://bgm.tv/subject/318238
294877,2019,由你玩四年之王者大宿舍,由你玩四年之王者大宿舍,国产,番组计划标签明确标注为其他国家或地区产出,https://bgm.tv/subject/294877
305946,2019,峡谷重案组 王者现长安,峡谷重案组 王者现长安,国产 / 国漫,番组计划标签明确标注为其他国家或地区产出,https://bgm.tv/subject/305946
293902,2019,餐桌上的世说新语 第二季,餐桌上的世说新语 第二季,国产,番组计划标签明确标注为其他国家或地区产出,https://bgm.tv/subject/293902
443668,2020,猪屁登,猪屁登,国产,番组计划标签明确标注为其他国家或地区产出,https://bgm.tv/subject/443668
311046,2020,LALALACOCO,ラララココ,中国,番组计划标签明确标注为其他国家或地区产出,https://bgm.tv/subject/311046
247977,2020,仙王的日常生活,仙王的日常生活,国产,番组计划标签明确标注为其他国家或地区产出,https://bgm.tv/subject/247977
304301,2020,大理寺日志 定格动画小剧场,大理寺日志 小剧场,国产,番组计划标签明确标注为其他国家或地区产出,https://bgm.tv/subject/304301
335766,2020,元气食堂,元气食堂,国产,番组计划标签明确标注为其他国家或地区产出,https://bgm.tv/subject/335766
311778,2020,吃鸡大作战 第三季 冰天雪地大挑战,吃鸡大作战 第3季 冰天雪地大挑战,国产,番组计划标签明确标注为其他国家或地区产出,https://bgm.tv/subject/311778
381849,2020,LALALACOCO,LALALACOCO,中国,番组计划标签明确标注为其他国家或地区产出,https://bgm.tv/subject/381849
309965,2020,雷霆使命联合行动,雷霆使命联合行动,国产,番组计划标签明确标注为其他国家或地区产出,https://bgm.tv/subject/309965
318868,2020,音符叙事曲,音符叙事曲,国产,番组计划标签明确标注为其他国家或地区产出,https://bgm.tv/subject/318868
310323,2020,中小治棒棒哒,中小治棒棒哒,国产,番组计划标签明确标注为其他国家或地区产出,https://bgm.tv/subject/310323
260736,2020,恋与制作人,恋とプロデューサー～EVOL×LOVE～,中日合拍,番组计划标签明确标注为其他国家或地区产出,https://bgm.tv/subject/260736
356830,2020,阿巳与小铃铛,阿巳与小铃铛,国产,番组计划标签明确标注为其他国家或地区产出,https://bgm.tv/subject/356830
311844,2020,怪物公寓之崭新生活,怪物公寓之崭新生活,国产 / 国漫,番组计划标签明确标注为其他国家或地区产出,https://bgm.tv/subject/311844
311677,2020,三三的恶作剧厨房,三三的恶作剧厨房,国产,番组计划标签明确标注为其他国家或地区产出,https://bgm.tv/subject/311677
301156,2020,变形金刚：赛博坦之战 第一季,Transformers: War for Cybertron Season 1,日美合作,番组计划标签明确标注为其他国家或地区产出,https://bgm.tv/subject/301156
312153,2020,战疫英雄,战疫英雄,国产,番组计划标签明确标注为其他国家或地区产出,https://bgm.tv/subject/312153
311909,2020,任务大师,任务大师,国产,番组计划标签明确标注为其他国家或地区产出,https://bgm.tv/subject/311909
310234,2020,人类博物馆,人类博物馆,国产 / 国漫,番组计划标签明确标注为其他国家或地区产出,https://bgm.tv/subject/310234
326982,2020,北京最后一班地铁,北京最后一班地铁,国产,番组计划标签明确标注为其他国家或地区产出,https://bgm.tv/subject/326982
326983,2020,镜中人,镜中人,国产,番组计划标签明确标注为其他国家或地区产出,https://bgm.tv/subject/326983
316183,2020,梦幻书院 第四季,梦幻书院 第四季,国产 / 国漫,番组计划标签明确标注为其他国家或地区产出,https://bgm.tv/subject/316183
404767,2020,Sugar Foot,Sugar Foot,日美合作,番组计划标签明确标注为其他国家或地区产出,https://bgm.tv/subject/404767
405806,2021,D5小队 第二季,D5小队 第二季,国产,番组计划标签明确标注为其他国家或地区产出,https://bgm.tv/subject/405806
463612,2021,赛尔号第11季：裂空沧海,赛尔号第11季：裂空沧海,国产,番组计划标签明确标注为其他国家或地区产出,https://bgm.tv/subject/463612
331895,2021,梦幻书院之呼吸健康科普,梦幻书院之呼吸健康科普,国产 / 国漫,番组计划标签明确标注为其他国家或地区产出,https://bgm.tv/subject/331895
327896,2021,魏晋小剧场,魏晋小剧场,国产,番组计划标签明确标注为其他国家或地区产出,https://bgm.tv/subject/327896
107070,2021,环太平洋：黑色禁区,Pacific Rim: The Black,日美合作,番组计划标签明确标注为其他国家或地区产出,https://bgm.tv/subject/107070
404750,2021,Musician,Musician,日美合作,番组计划标签明确标注为其他国家或地区产出,https://bgm.tv/subject/404750
337449,2021,小狮子赛几,小狮子赛几,国产,番组计划标签明确标注为其他国家或地区产出,https://bgm.tv/subject/337449
277360,2021,武士弥助,Yasuke -ヤスケ-,日美合作,番组计划标签明确标注为其他国家或地区产出,https://bgm.tv/subject/277360
331945,2021,星球大战：残次品小队,Star Wars: The Bad Batch,美国动画,番组计划标签明确标注为其他国家或地区产出,https://bgm.tv/subject/331945
404766,2021,ドライバーズ・ライセンス,ドライバーズ・ライセンス,日美合作,番组计划标签明确标注为其他国家或地区产出,https://bgm.tv/subject/404766
516974,2021,春晓,春曉,台湾,番组计划标签明确标注为其他国家或地区产出,https://bgm.tv/subject/516974
340940,2021,吃鸡大作战 第4季,吃鸡大作战 第4季,国产,番组计划标签明确标注为其他国家或地区产出,https://bgm.tv/subject/340940
340272,2021,源神浩劫,源神浩劫,国产,番组计划标签明确标注为其他国家或地区产出,https://bgm.tv/subject/340272
653177,2021,海虎序章,海虎序章,中国动画 / 香港,番组计划标签明确标注为其他国家或地区产出,https://bgm.tv/subject/653177
341513,2021,Obey Me!,Obey Me!,中日合作,番组计划标签明确标注为其他国家或地区产出,https://bgm.tv/subject/341513
339915,2021,风姿物语银河篇（下）,风姿物语银河篇（下）,国产,番组计划标签明确标注为其他国家或地区产出,https://bgm.tv/subject/339915
404751,2021,Saturday,Saturday,日美合作,番组计划标签明确标注为其他国家或地区产出,https://bgm.tv/subject/404751
362787,2021,乱斗学院,乱斗学院,国产,番组计划标签明确标注为其他国家或地区产出,https://bgm.tv/subject/362787
410900,2021,瑞克与莫蒂：秋叶原大决战,Rick and Morty: The Great Yokai Battle of Akihabara,美国动画,番组计划标签明确标注为其他国家或地区产出,https://bgm.tv/subject/410900
354614,2021,我叫MT：归来,我叫MT：归来,国产,番组计划标签明确标注为其他国家或地区产出,https://bgm.tv/subject/354614
268048,2021,银翼杀手 黑莲花,Blade Runner: Black Lotus,美国,番组计划标签明确标注为其他国家或地区产出,https://bgm.tv/subject/268048
410173,2021,篝火花,カガリ ヒバナ,中国动画,番组计划标签明确标注为其他国家或地区产出,https://bgm.tv/subject/410173
487686,2021,山神与小枣,山神与小枣,国产 / 国漫,番组计划标签明确标注为其他国家或地区产出,https://bgm.tv/subject/487686
402425,2022,精灵梦叶罗丽 第9季 逆亡之战,精灵梦叶罗丽 第9季 逆亡之战,国产,番组计划标签明确标注为其他国家或地区产出,https://bgm.tv/subject/402425
363400,2022,Gon的旱獭之獭獭突然想到 第二季,Gon的旱獭之獭獭突然想到 第二季,国产,番组计划标签明确标注为其他国家或地区产出,https://bgm.tv/subject/363400
366447,2022,Type S: Chiaki's Journey,Type S: Chiaki's Journey,日美合作,番组计划标签明确标注为其他国家或地区产出,https://bgm.tv/subject/366447
653179,2022,海虎VS天道,海虎VS天道,香港,番组计划标签明确标注为其他国家或地区产出,https://bgm.tv/subject/653179
427572,2022,狐桃桃与老神仙,狐桃桃与老神仙,国产,番组计划标签明确标注为其他国家或地区产出,https://bgm.tv/subject/427572
414975,2022,小狮子赛几 第2季,小狮子赛几 第2季,国产,番组计划标签明确标注为其他国家或地区产出,https://bgm.tv/subject/414975
481388,2022,这里是峡谷公寓,这里是峡谷公寓,国产,番组计划标签明确标注为其他国家或地区产出,https://bgm.tv/subject/481388
416505,2022,MOHA,MOHA,中国动画 / 国产 / 国产动画,番组计划标签明确标注为其他国家或地区产出,https://bgm.tv/subject/416505
390776,2022,2531侦探团的校园日常,2531侦探团的校园日常,国产,番组计划标签明确标注为其他国家或地区产出,https://bgm.tv/subject/390776
416907,2022,赴你于回响之时,赴你于回响之时,国产,番组计划标签明确标注为其他国家或地区产出,https://bgm.tv/subject/416907
392661,2022,Obey Me! 第二季,Obey Me! The Anime Season 2,中日合作,番组计划标签明确标注为其他国家或地区产出,https://bgm.tv/subject/392661
375216,2022,铁拳：血脉,TEKKEN BLOODLINE,日美合作,番组计划标签明确标注为其他国家或地区产出,https://bgm.tv/subject/375216
401342,2022,喵喵如此妖娆,喵喵如此妖娆,中国动画 / 国产,番组计划标签明确标注为其他国家或地区产出,https://bgm.tv/subject/401342
463613,2022,赛尔号第12季：焰宇战神,赛尔号第12季：焰宇战神,国产,番组计划标签明确标注为其他国家或地区产出,https://bgm.tv/subject/463613
442518,2022,外星也难民：万圣节特别篇,A Sinister Halloween Scary Opposites Solar Special,美国动画,番组计划标签明确标注为其他国家或地区产出,https://bgm.tv/subject/442518
403021,2022,鬼族：雷神传说,ONI ~ 神々山のおなり,日美合作,番组计划标签明确标注为其他国家或地区产出,https://bgm.tv/subject/403021
354190,2022,明日方舟：黎明前奏,アークナイツ【黎明前奏/PRELUDE TO DAWN】,中日合作,番组计划标签明确标注为其他国家或地区产出,https://bgm.tv/subject/354190
406475,2022,晄輪大祭「障害物競走」,晄輪大祭「障害物競走」,日韩合作,番组计划标签明确标注为其他国家或地区产出,https://bgm.tv/subject/406475
407777,2022,禅：古古与灰尘精灵,禅 グローグーとマックロクロスケ,日美合作,番组计划标签明确标注为其他国家或地区产出,https://bgm.tv/subject/407777
408677,2022,beautiful day dreamer,beautiful day dreamer,日韩合作,番组计划标签明确标注为其他国家或地区产出,https://bgm.tv/subject/408677
386626,2022,索尼克：回家大冒险,Sonic Prime,日美合作,番组计划标签明确标注为其他国家或地区产出,https://bgm.tv/subject/386626
385006,2022,蓝猫龙骑团之龙骑归来,蓝猫龙骑团之龙骑归来,国产,番组计划标签明确标注为其他国家或地区产出,https://bgm.tv/subject/385006
362559,2023,星球大战：残次品小队 第二季,Star Wars: The Bad Batch Season 2,美国动画,番组计划标签明确标注为其他国家或地区产出,https://bgm.tv/subject/362559
413617,2023,维将,维将,国产,番组计划标签明确标注为其他国家或地区产出,https://bgm.tv/subject/413617
419286,2023,哪吒蓉宝奇遇记,哪吒蓉宝奇遇记,国产,番组计划标签明确标注为其他国家或地区产出,https://bgm.tv/subject/419286
326525,2023,骷髅岛,Skull Island,美国动画,番组计划标签明确标注为其他国家或地区产出,https://bgm.tv/subject/326525
442923,2023,如福侍卫队,如福侍卫队,国产,番组计划标签明确标注为其他国家或地区产出,https://bgm.tv/subject/442923
444771,2023,中国畅想曲,中国畅想曲,中国动画 / 国产 / 国产动画,番组计划标签明确标注为其他国家或地区产出,https://bgm.tv/subject/444771
450924,2023,神奇图书馆,神奇图书馆,国产,番组计划标签明确标注为其他国家或地区产出,https://bgm.tv/subject/450924
444275,2023,迷你世界之守护,迷你世界之守护,国产,番组计划标签明确标注为其他国家或地区产出,https://bgm.tv/subject/444275
517093,2023,美杜莎 - 石之国,MEDUSA - The Stone Kingdom,台湾,番组计划标签明确标注为其他国家或地区产出,https://bgm.tv/subject/517093
426983,2023,歪小子斯科特,Scott Pilgrim Takes Off,美国,番组计划标签明确标注为其他国家或地区产出,https://bgm.tv/subject/426983
402754,2023,我的恶魔,ぼくのデーモン,美国,番组计划标签明确标注为其他国家或地区产出,https://bgm.tv/subject/402754
471261,2024,万古狂帝,万古狂帝,国产 / 国漫,番组计划标签明确标注为其他国家或地区产出,https://bgm.tv/subject/471261
472604,2024,不白吃古诗词漫游记 第一季,不白吃古诗词漫游记 第一季,国产,番组计划标签明确标注为其他国家或地区产出,https://bgm.tv/subject/472604
451460,2024,地下城与勇士之破界少女,地下城与勇士之破界少女,国产 / 国漫,番组计划标签明确标注为其他国家或地区产出,https://bgm.tv/subject/451460
475526,2024,神龙星主,神龙星主,国产,番组计划标签明确标注为其他国家或地区产出,https://bgm.tv/subject/475526
640940,2024,海底小纵队·中国之旅第1季,Octonauts：China Adventures,国产,番组计划标签明确标注为其他国家或地区产出,https://bgm.tv/subject/640940
476495,2024,火神之天启之子,火神之天启之子,国产,番组计划标签明确标注为其他国家或地区产出,https://bgm.tv/subject/476495
478878,2024,人类未来狂想曲,人类未来狂想曲,国产,番组计划标签明确标注为其他国家或地区产出,https://bgm.tv/subject/478878
454237,2024,星球大战：残次品小队 第三季,Star Wars: The Bad Batch Season 3,美国动画,番组计划标签明确标注为其他国家或地区产出,https://bgm.tv/subject/454237
526370,2024,宝可梦动画图鉴 伊布篇,宝可梦动画图鉴 伊布篇,中国动画 / 国产,番组计划标签明确标注为其他国家或地区产出,https://bgm.tv/subject/526370
405304,2024,家道中二,家道中二,国产,番组计划标签明确标注为其他国家或地区产出,https://bgm.tv/subject/405304
640941,2024,海底小纵队第9季,The Octonauts Season9,国产,番组计划标签明确标注为其他国家或地区产出,https://bgm.tv/subject/640941
479015,2024,不白吃古诗词漫游记第二季,不白吃古诗词漫游记第二季,国产,番组计划标签明确标注为其他国家或地区产出,https://bgm.tv/subject/479015
503985,2024,UP！共创剧场 十万个冷笑话篇,UP！共创剧场 十万个冷笑话篇,国产,番组计划标签明确标注为其他国家或地区产出,https://bgm.tv/subject/503985
345765,2024,太素传奇,TAISU project,中国 / 中日合作,番组计划标签明确标注为其他国家或地区产出,https://bgm.tv/subject/345765
505503,2024,我的微信通龙宫,我的微信通龙宫,国产 / 国漫,番组计划标签明确标注为其他国家或地区产出,https://bgm.tv/subject/505503
440167,2024,负极猎人,负极猎人,国产,番组计划标签明确标注为其他国家或地区产出,https://bgm.tv/subject/440167
512359,2024,但愿梦长久,但愿梦长久,中国 / 中国动画,番组计划标签明确标注为其他国家或地区产出,https://bgm.tv/subject/512359
286521,2024,诸神的黄昏,Twilight of the Gods,美国动画,番组计划标签明确标注为其他国家或地区产出,https://bgm.tv/subject/286521
480716,2024,科学×冒险与生存！,科学×冒険サバイバル！,韩国,番组计划标签明确标注为其他国家或地区产出,https://bgm.tv/subject/480716
443929,2024,机动战士高达 复仇的安魂曲,Gundam: Requiem for Vengeance,美国,番组计划标签明确标注为其他国家或地区产出,https://bgm.tv/subject/443929
520629,2024,维将-降伏其心,维将-降伏其心,国产,番组计划标签明确标注为其他国家或地区产出,https://bgm.tv/subject/520629
629655,2025,折叠的唐诗,折叠的唐诗,国产,番组计划标签明确标注为其他国家或地区产出,https://bgm.tv/subject/629655
493752,2025,赛几传说,赛几传说,国产,番组计划标签明确标注为其他国家或地区产出,https://bgm.tv/subject/493752
500589,2025,逆战之路,逆战之路,国产,番组计划标签明确标注为其他国家或地区产出,https://bgm.tv/subject/500589
536157,2025,天都异录,天都异录,国产,番组计划标签明确标注为其他国家或地区产出,https://bgm.tv/subject/536157
554337,2025,森林盒子,森林盒子,国产,番组计划标签明确标注为其他国家或地区产出,https://bgm.tv/subject/554337
547873,2025,MUZIK TIGER In the Forest,MUZIK TIGER In the Forest,韩国,番组计划标签明确标注为其他国家或地区产出,https://bgm.tv/subject/547873
452824,2025,靠谱小队,靠谱小队,国产,番组计划标签明确标注为其他国家或地区产出,https://bgm.tv/subject/452824
440660,2025,漫威丧尸,Marvel Zombies,美国动画,番组计划标签明确标注为其他国家或地区产出,https://bgm.tv/subject/440660
568800,2025,MUZIK TIGER In the Forest 第二季,MUZIK TIGER In the Forest 第2期,韩国,番组计划标签明确标注为其他国家或地区产出,https://bgm.tv/subject/568800
536878,2025,科学×冒险与生存！ 第二季,科学×冒険サバイバル！ 第2シリーズ,韩国,番组计划标签明确标注为其他国家或地区产出,https://bgm.tv/subject/536878
524894,2025,星球大战：幻境 第三季,Star Wars: Visions Volume 3,韩国,番组计划标签明确标注为其他国家或地区产出,https://bgm.tv/subject/524894
573709,2025,强大九人,The Mighty Nein,美国动画,番组计划标签明确标注为其他国家或地区产出,https://bgm.tv/subject/573709
655557,2026,生き残りプレイヤー、二度目のデスゲームで最強無双,生き残りプレイヤー、二度目のデスゲームで最強無双,中国,番组计划标签明确标注为其他国家或地区产出,https://bgm.tv/subject/655557
655548,2026,養女の役をうまくやり過ぎました,養女の役をうまくやり過ぎました,韩国,番组计划标签明确标注为其他国家或地区产出,https://bgm.tv/subject/655548
655559,2026,公女様は未来を見通す,公女様は未来を見通す,韩国,番组计划标签明确标注为其他国家或地区产出,https://bgm.tv/subject/655559
655560,2026,政略結婚なのにどうして執着するのですか？,政略結婚なのにどうして執着するのですか？,韩国,番组计划标签明确标注为其他国家或地区产出,https://bgm.tv/subject/655560
621835,2026,盗墓王,도굴왕,韩国,番组计划标签明确标注为其他国家或地区产出,https://bgm.tv/subject/621835
