review_status,year,wikipedia_title_zh,wikipedia_title_ja,wikipedia_release_date,wikipedia_url,candidate_1_id,candidate_1_title_cn,candidate_1_title,candidate_1_score,candidate_2_id,candidate_2_title,candidate_2_score,candidate_3_id,candidate_3_title,candidate_3_score,manual_decision,manual_bangumi_id,manual_note,best_japanese_candidate_id,best_japanese_candidate_title,japanese_similarity,core_title_similarity,release_month_day_same,uniqueness_margin,automatic_review_note
wikipedia_only,1981,时空巡警队救助超人,タイムパトロール隊オタスケマン アターシャの結婚披露宴!?,3月14日,https://zh.wikipedia.org/wiki/1980年代日本動畫列表,653904,塔罗的诞生,タローの誕生,0.25,431538,SPACY,0.1818,69467,人参果,0.1667,,,,653904,タローの誕生,0.25,0.25,no,0.25,未达到保守的自动确认阈值
wikipedia_only,1981,宇宙战舰大和号 新的旅程,宇宙戦艦ヤマト 新たなる旅立ち,3月14日,https://zh.wikipedia.org/wiki/%E5%AE%87%E5%AE%99%E6%88%B0%E8%89%A6%E5%A4%A7%E5%92%8C%E8%99%9F_%E6%96%B0%E7%9A%84%E6%97%85%E7%A8%8B,37278,宇宙战士巴鲁迪奥斯 剧场版,宇宙戦士バルディオス 劇場版,0.2609,113087,Heavy Metal,0.25,312001,21エモン 宇宙へいらっしゃい!,0.1905,,,,37278,宇宙戦士バルディオス 劇場版,0.2963,0.3333,no,0.1228,未达到保守的自动确认阈值
wikipedia_only,2000,ONE PIECE 黄金岛大冒险,ONE PIECE,3月4日,https://zh.wikipedia.org/wiki/ONE_PIECE_%E9%BB%83%E9%87%91%E5%B3%B6%E5%A4%A7%E5%86%92%E9%9A%AA,1869,航海王:黄金岛大冒险,ONE PIECE the movie,0.6667,112655,A・LI・CE,0.4615,696884,Digimon: The Movie,0.4348,,,,1869,ONE PIECE the movie,0.6667,1.0,yes,0.5635,未达到保守的自动确认阈值
wikipedia_only,2000,人狼 JIN-ROH,人狼 JIN-ROH,6月3日,https://zh.wikipedia.org/wiki/%E4%BA%BA%E7%8B%BC_JIN-ROH,112357,恐龙,Dinosaur,0.375,388278,John Henry,0.3529,58914,Chicken Run,0.3333,,,,112357,Dinosaur,0.375,0.375,no,0.0221,未达到保守的自动确认阈值
wikipedia_only,2001,吸血鬼猎人D,Vampire Hunter D: Bloodlust,2001年4月,https://zh.wikipedia.org/wiki/%E5%90%B8%E8%A1%80%E9%AC%BC%E7%8C%8E%E4%BA%BAD,112362,暑假历险,Recess: School's Out,0.4103,299510,Marco Polo: Return to Xanadu,0.3913,112881,Recess Christmas: Miracle on Third Street,0.3793,,,,112362,Recess: School's Out,0.4103,0.4103,no,0.019,未达到保守的自动确认阈值
likely_translation,2001,数码宝贝驯兽师之王 冒险者之战斗,冒険者たちの戦い,2001年7月14日,https://zh.wikipedia.org/wiki/%E6%95%B8%E7%A2%BC%E5%AF%B6%E8%B2%9D%E9%A6%B4%E7%8D%B8%E5%B8%AB%E4%B9%8B%E7%8E%8B,3137,数码宝贝驯兽师之王 冒险者的战斗,デジモンテイマーズ 冒険者たちの戦い,0.9333,3136,デジモンアドベンチャー02 ディアボロモンの逆襲,0.3871,310067,私たちの暮らしと土木,0.3333,,,,3137,デジモンテイマーズ 冒険者たちの戦い,0.64,0.64,yes,0.3317,未达到保守的自动确认阈值
likely_translation,2001,犬夜叉 跨越时代的思念,犬夜叉 跨越时代的思念,2001年12月15日,https://zh.wikipedia.org/wiki/%E7%8A%AC%E5%A4%9C%E5%8F%89,18617,犬夜叉 穿越时空的思念,犬夜叉 時代を越える想い,0.8,475810,ジェネレーション・オブ・カオス プロローグ,0.2857,3025,劇場版ポケットモンスター セレビィ 時を超えた遭遇,0.1538,,,,18617,犬夜叉 穿越时空的思念,0.8,0.8,yes,0.5393,未达到保守的自动确认阈值
likely_translation,2002,数码宝贝驯兽师之王 暴走特急,暴走デジモン特急,3月2日,https://zh.wikipedia.org/wiki/%E6%95%B8%E7%A2%BC%E5%AF%B6%E8%B2%9D%E9%A6%B4%E7%8D%B8%E5%B8%AB%E4%B9%8B%E7%8E%8B,3138,数码宝贝驯兽师之王 暴走数码宝贝特急,デジモンテイマーズ 暴走デジモン特急,0.8667,3139,デジモンフロンティア 古代デジモン復活!!,0.3077,16393,デジタルジュース,0.25,,,,3138,デジモンテイマーズ 暴走デジモン特急,0.64,0.64,yes,0.3573,未达到保守的自动确认阈值
wikipedia_only,2009,宵星传奇〜 The First Strike 〜,テイルズ オブ ヴェスペリア,10月3日,https://zh.wikipedia.org/wiki/%E5%AE%B5%E6%98%9F%E5%82%B3%E5%A5%87,2859,宵星传说~首鸣~,テイルズ オブ ヴェスペリア ~The First Strike~,0.6364,58962,Monsters vs. Aliens,0.4118,16250,テイルエンダーズ,0.4,,,,2859,テイルズ オブ ヴェスペリア ～The First Strike～,0.6316,0.6316,yes,0.2566,未达到保守的自动确认阈值
wikipedia_only,2010,秘密结社鹰之爪 THE MOVIE3,秘密結社 鷹の爪 THE MOVIE3~http:// 鷹の爪.jpは永遠に~,1月16日,https://zh.wikipedia.org/w/index.php?title=%E7%A5%95%E5%AF%86%E7%B5%90%E7%A4%BE%E9%B7%B9%E4%B9%8B%E7%88%AA&action=edit&redlink=1,3485,魔法少女奈叶 The MOVIE 1st,魔法少女リリカルなのは The MOVIE 1st,0.4848,12985,The Lost Thing,0.3571,325085,"Ultramarines: A Warhammer 40,000 Movie",0.3333,,,,3485,魔法少女リリカルなのは The MOVIE 1st,0.3922,0.1143,no,0.0995,未达到保守的自动确认阈值
wikipedia_only,2010,蔬菜妖精 纽约沙拉,やさいのようせい N.Y.SALAD The Movie,2月13日,https://zh.wikipedia.org/w/index.php?title=%E8%94%AC%E8%8F%9C%E5%A6%96%E7%B2%BE_%E7%B4%90%E7%B4%84%E6%B2%99%E6%8B%89&action=edit&redlink=1,325085,,"Ultramarines: A Warhammer 40,000 Movie",0.4,3485,魔法少女リリカルなのは The MOVIE 1st,0.4,172220,Moomins and the Comet Chase,0.3913,,,,325085,"Ultramarines: A Warhammer 40,000 Movie",0.4,0.1905,no,0.0,未达到保守的自动确认阈值
wikipedia_only,2010,怪谈餐馆 剧场版,劇場版 怪談レストラン,8月17日,https://zh.wikipedia.org/wiki/%E6%80%AA%E8%AB%87%E9%A4%90%E9%A4%A8,5832,黑塔利亚剧场版,"銀幕ヘタリア Axis Powers Paint it, White(白くぬれ!)",0.4286,3183,劇場版“文学少女”,0.4286,18480,劇場版BLEACH 地獄篇,0.4,,,,3183,劇場版“文学少女”,0.3529,0.0,no,0.0372,未达到保守的自动确认阈值
wikipedia_only,2010,五彩缤纷,カラフル,8月21日,https://zh.wikipedia.org/w/index.php?title=%E4%BA%94%E5%BD%A9%E7%B9%BD%E7%B4%9B&action=edit&redlink=1,10570,哥拉尔骑士团,グラール騎士団,0.3636,49851,メカ☆アフロくん,0.3636,4274,マルドゥック・スクランブル 圧縮,0.2222,,,,10570,グラール騎士団,0.3636,0.3636,no,0.0,未达到保守的自动确认阈值
wikipedia_only,2010,鬼神传,鬼神伝,10月9日,https://zh.wikipedia.org/w/index.php?title=%E9%AC%BC%E7%A5%9E%E5%82%B3&action=edit&redlink=1,3782,光环:传奇,Halo Legends,0.2857,137522,西游新传,0.2857,85767,西域传奇,0.2857,,,,3782,,0.0,0.0,no,0.0,未达到保守的自动确认阈值
likely_translation,2011,昭和物语,昭和物語,1月29日,https://zh.wikipedia.org/wiki/%E6%98%AD%E5%92%8C%E7%89%A9%E8%AA%9E,112596,昭和物语 剧场版,テレビまんが 昭和物語 劇場版,0.7273,49364,Les contes de la nuit,0.4,97392,Lauras Stern und die Traummonst,0.2667,,,,112596,昭和物语 剧场版,0.5455,0.75,yes,0.5083,未达到保守的自动确认阈值
likely_translation,2011,新·大雄与铁人兵团,新・のび太と鉄人兵団 〜はばたけ 天使たち〜,3月5日,https://zh.wikipedia.org/wiki/%E6%96%B0%C2%B7%E5%A4%A7%E9%9B%84%E8%88%87%E9%90%B5%E4%BA%BA%E5%85%B5%E5%9C%98,19130,哆啦A梦:新·大雄与铁人兵团,映画ドラえもん 新・のび太と鉄人兵団 〜はばたけ 天使たち〜,0.8293,22946,この男子、宇宙人と戦えます。,0.2105,24824,クレヨンしんちゃん 嵐を呼ぶ黄金のスパイ大作戦,0.2105,,,,19130,映画ドラえもん 新・のび太と鉄人兵団 〜はばたけ 天使たち〜,0.8293,0.8718,yes,0.7589,未达到保守的自动确认阈值
wikipedia_only,2011,ONE PIECE 3D 草帽追逐战”×“,JUMP HEROES film 「ONE PIECE 3D 麥わらチェイス」×「トリコ3D 開幕!グルメアドベンチャー!!」,3月19日,https://zh.wikipedia.org/wiki/ONE_PIECE_3D_%E8%8D%89%E5%B8%BD%E8%BF%BD%E9%80%90%E6%88%B0,20523,航海王3D:追逐草帽大冒险,ONE PIECE 3D 麦わらチェイス,0.625,162047,ONE PIECE 3D 激走!トラップコースター,0.5556,14959,トリコ3D 開幕!グルメアドベンチャー!!,0.5231,,,,14959,トリコ3D 開幕!グルメアドベンチャー!!,0.5231,0.5231,yes,0.0308,未达到保守的自动确认阈值
likely_translation,2011,精灵宝可梦剧场版:比克提尼与黑英雄 捷克罗姆/白英雄 雷希拉姆,劇場版ポケットモンスター ベストウイッシュ ビクティニと黒き英雄 ゼクロム&ビクティニと白き英雄 レシラム,7月16日,https://zh.wikipedia.org/wiki/%E7%A5%9E%E5%A5%87%E5%AF%B6%E8%B2%9D%E5%8A%87%E5%A0%B4%E7%89%88%EF%BC%9A%E6%AF%94%E5%85%8B%E6%8F%90%E5%B0%BC%E8%88%87%E9%BB%91%E8%8B%B1%E9%9B%84_%E6%8D%B7%E5%85%8B%E7%BE%85%E5%A7%86/%E7%99%BD%E8%8B%B1%E9%9B%84_%E9%9B%B7%E5%B8%8C%E6%8B%89%E5%A7%86,19561,剧场版宝可梦 超级愿望: 比克提尼与白英雄 莱希拉姆,劇場版ポケットモンスター ベストウイッシュ ビクティニと白き英雄 レシラム,0.8293,19618,劇場版ポケットモンスター ベストウイッシュ ビクティニと黒き英雄 ゼクロム,0.8293,512206,ポケットモンスター ベストウイッシュ 光と影のテンキュウギ,0.48,,,,19561,劇場版ポケットモンスター ベストウイッシュ ビクティニと白き英雄 レシラム,0.8293,0.8158,yes,0.0,未达到保守的自动确认阈值
wikipedia_only,2012,创世纪传说:世界的彼方(.hack//The Movie),ドットハック セカイの向こうに(.hack//The Movie),1月21日,https://zh.wikipedia.org/wiki/%E5%89%B5%E4%B8%96%E7%B4%80%E5%82%B3%E8%AA%AA_%E4%B8%96%E7%95%8C%E7%9A%84%E5%BD%BC%E6%96%B9,30302,.hack//世界的彼方,ドットハック セカイの向こうに,0.7,35679,魔法少女リリカルなのは The MOVIE 2nd A's,0.4,38081,ROAD TO NINJA -NARUTO THE MOVIE-,0.383,,,,30302,ドットハック セカイの向こうに,0.7,0.875,yes,0.54,未达到保守的自动确认阈值
likely_translation,2012,大雄与奇迹之岛~动物历险记~,のび太と奇跡の島~アニマル アドベンチャー~,3月3日,https://zh.wikipedia.org/wiki/%E5%A4%A7%E9%9B%84%E8%88%87%E5%A5%87%E8%B9%9F%E4%B9%8B%E5%B3%B6~%E5%8B%95%E7%89%A9%E6%AD%B7%E9%9A%AA%E8%A8%98~,24815,哆啦A梦:大雄与奇跡之岛~动物历险记~,映画ドラえもん のび太と奇跡の島 〜アニマル アドベンチャー〜,0.8444,222093,大兵金宝历险记,0.4211,116163,Barbie In A Mermaid Tale 2,0.3636,,,,24815,映画ドラえもん のび太と奇跡の島 〜アニマル アドベンチャー〜,0.8444,0.8837,yes,0.9087,未达到保守的自动确认阈值
wikipedia_only,2012,女神异闻录 4 -the Factor of Hope-,ペルソナ4 -the Factor of Hope-,6月9日,https://zh.wikipedia.org/w/index.php?title=%E5%A5%B3%E7%A5%9E%E7%95%B0%E8%81%9E%E9%8C%84_4_-the_Factor_of_Hope-&action=edit&redlink=1,41019,女神异闻录4 剧场版,PERSONA4 the Animation -the Factor of Hope-,0.5818,67818,Head Over Heels,0.4242,132476,The Honey Plot,0.375,,,,41019,ペルソナ4 the Animation -the Factor of Hope-,0.7692,0.7692,yes,0.37,未达到保守的自动确认阈值
likely_translation,2012,火影忍者疾风传剧场版 忍者之路,劇場版 NARUTO -ナルト- ロード・トゥ・ニンジャ,7月28日,https://zh.wikipedia.org/wiki/%E7%81%AB%E5%BD%B1%E5%BF%8D%E8%80%85%E7%96%BE%E9%A2%A8%E5%82%B3%E5%8A%87%E5%A0%B4%E7%89%88_%E5%BF%8D%E8%80%85%E4%B9%8B%E8%B7%AF,38081,火影忍者 剧场版 忍者之路,ROAD TO NINJA -NARUTO THE MOVIE-,0.88,45841,.hack//Versus タナトスレポート,0.359,30361,劇場版 FAIRY TAIL 鳳凰の巫女,0.3158,,,,38081,劇場版NARUTO-ナルト- ROAD TO NINJA,0.5455,0.4737,yes,0.1816,未达到保守的自动确认阈值
likely_translation,2012,Code Geass 亡国的阿基德 第1章,コードギアス 亡国のアキト 第1章,8月4日,https://zh.wikipedia.org/wiki/Code_Geass_%E4%BA%A1%E5%9C%8B%E7%9A%84AKITO,24593,Code Geass 亡国的阿基德 第一章「翼龙降临」,コードギアス 亡国のアキト 第1章「翼竜は舞い降りた」,0.85,35866,コードギアス 反逆のルルーシュ ナナリーinワンダーランド,0.5,219690,Contre temps,0.3448,,,,24593,コードギアス 亡国のアキト 第1章「翼竜は舞い降りた」,0.7895,0.7895,yes,0.4811,未达到保守的自动确认阈值
wikipedia_only,2013,机动战士高达UC 第6话“宇宙与地球”,機動戦士ガンダムUC episode 6「宇宙と地球と」,3月2日,https://zh.wikipedia.org/wiki/%E6%A9%9F%E5%8B%95%E6%88%B0%E5%A3%ABGUNDAM_UC,65601,机动战士高达AGE MEMORY OF EDEN,機動戦士ガンダムAGE MEMORY OF EDEN,0.5106,65970,機動戦士ガンダム 第08MS小隊 三次元との戦い,0.4348,61498,攻殻機動隊ARISE border:1 Ghost Pain,0.28,,,,65601,機動戦士ガンダムAGE MEMORY OF EDEN,0.5106,0.5106,no,0.0759,未达到保守的自动确认阈值
likely_translation,2013,花样河童剧场版:开花!蝶之国的大冒险,映画はなかっぱ 花さけ! パッカ~ん♪ 蝶の国の大冒険,4月12日,https://zh.wikipedia.org/w/index.php?title=%E8%8A%B1%E6%A8%A3%E6%B2%B3%E7%AB%A5&action=edit&redlink=1,204864,剧场版花样河童 蝶之国的大冒险,映画はなかっぱ 花さけ!パッカ〜ん♪ 蝶の国の大冒険 ザッツ・はなかっぱミュージカル パンとごはん、どっちなの!?,0.7333,64988,劇場版FAIRY TAIL 序章「はじまりの朝」,0.3226,139951,Tom and Jerry's Giant Adventure,0.3077,,,,204864,映画はなかっぱ 花さけ!パッカ〜ん♪ 蝶の国の大冒険 ザッツ・はなかっぱミュージカル パンとごはん、どっちなの!?,0.6269,0.6032,yes,0.5139,未达到保守的自动确认阈值
wikipedia_only,2013,宇宙海盗夏罗古,キャプテンハーロック,9月7日,https://zh.wikipedia.org/wiki/%E5%AE%87%E5%AE%99%E6%B5%B7%E7%9B%9C%E5%A4%8F%E7%BE%85%E5%8F%A4,89594,宇宙海盗船长哈洛克,キャプテンハーロック -SPACE PIRATE CAPTAIN HARLOCK-,0.5,53575,キックハート,0.375,79397,劇場版 トレインヒーロー,0.2857,,,,89594,キャプテンハーロック -SPACE PIRATE CAPTAIN HARLOCK-,0.4444,0.4444,yes,0.0944,未达到保守的自动确认阈值
likely_translation,2014,机动战士高达UC 第7话“彩虹的彼端”,機動戦士ガンダムUC episode 7「虹の彼方に」,5月17日,https://zh.wikipedia.org/wiki/%E6%A9%9F%E5%8B%95%E6%88%B0%E5%A3%ABGUNDAM_UC,560214,机动战士高达UC episode EX 百年孤独,機動戦士ガンダムUC episode EX 百年の孤独,0.766,110062,弱虫ペダル Re:RIDE,0.2941,89486,攻殻機動隊ARISE border:3 Ghost Tears,0.28,,,,560214,機動戦士ガンダムUC episode EX 百年の孤独,0.766,0.766,yes,0.4968,未达到保守的自动确认阈值
wikipedia_only,2014,剧场版“女神异闻录3”第2章,劇場版「ペルソナ3」第2章,6月7日,https://zh.wikipedia.org/wiki/%E5%A5%B3%E7%A5%9E%E7%95%B0%E8%81%9E%E9%8C%843,88731,女神异闻录3 剧场版 第二章 仲夏骑士之梦,PERSONA3 THE MOVIE #2 Midsummer Knight's Dream,0.5333,81846,劇場版 薄桜鬼 第二章 士魂蒼穹,0.4167,109053,THE LAST -NARUTO THE MOVIE-,0.381,,,,88731,ペルソナ3 劇場版,0.5263,0.7692,yes,0.3776,未达到保守的自动确认阈值
likely_translation,2014,圣斗士星矢 LEGEND of SANCTUARY,聖闘士星矢 レジェンドオブサンクチュアリ,6月21日,https://zh.wikipedia.org/wiki/%E8%81%96%E9%AC%A5%E5%A3%AB%E6%98%9F%E7%9F%A2_LEGEND_of_SANCTUARY,38228,圣斗士星矢 圣域传说,聖闘士星矢 LEGEND of SANCTUARY,0.9091,95795,Legends of Oz: Dorothy’s Retur,0.5217,116276,Penguins of Madagascar,0.381,,,,38228,聖闘士星矢 SAINT SEIYA,0.2941,0.2941,yes,0.3191,未达到保守的自动确认阈值
likely_translation,2014,K MISSING KINGS,K MISSING KINGS,7月12日,https://zh.wikipedia.org/wiki/K_(%E5%8B%95%E7%95%AB),60003,K 失落之王,劇場版 K MISSING KINGS,0.8966,79676,絶滅危愚少女 Amazing Twins,0.4516,126242,A Single Life,0.4167,,,,60003,劇場版 K MISSING KINGS,0.8966,1.0,yes,0.5734,未达到保守的自动确认阈值
likely_translation,2014,强袭魔女 Operation Victory Arrow Vol.1 圣特雷登的雷鸣,ストライクウィッチーズ Operation Victory Arrow Vol.1 サン・トロンの雷鳴,9月20日,https://zh.wikipedia.org/wiki/%E5%BC%B7%E8%A5%B2%E9%AD%94%E5%A5%B3,85339,强袭魔女 胜利之箭行动,ストライクウィッチーズ Operation Victory Arrow,0.8421,108916,BROTHERS CONFLICT OVA,0.3636,114062,ミス・モノクローム -The Animation- 「MANAGER」,0.2817,,,,85339,ストライクウィッチーズ Operation Victory Arrow,0.8421,0.8421,no,0.5246,未达到保守的自动确认阈值
wikipedia_only,2014,黑执事 Book of Murder 前篇,黒執事 Book of Murder 前編,10月25日,https://zh.wikipedia.org/wiki/%E9%BB%91%E5%9F%B7%E4%BA%8B,117645,生命之书,The Book of Life,0.4667,111894,O Menino e o Mundo,0.3871,95796,How to Train Your Dragon 2,0.3684,,,,117645,The Book of Life,0.4667,0.4667,no,0.0796,未达到保守的自动确认阈值
wikipedia_only,2014,黑执事 Book of Murder 后篇,黒執事 Book of Murder 後編,11月15日,https://zh.wikipedia.org/wiki/%E9%BB%91%E5%9F%B7%E4%BA%8B,117645,生命之书,The Book of Life,0.4667,111894,O Menino e o Mundo,0.3871,95796,How to Train Your Dragon 2,0.3684,,,,117645,The Book of Life,0.4667,0.4667,no,0.0796,未达到保守的自动确认阈值
wikipedia_only,2014,摇曳百合 夏日时光!,ゆるゆり なちゅやちゅみ!,11月29日,https://zh.wikipedia.org/wiki/%E8%BC%95%E9%AC%86%E7%99%BE%E5%90%88,640993,胡桃夹子幻想 重制版,くるみ割り人形,0.2222,84501,夏目友人帳 いつかゆきのひに,0.1905,102797,ふたりエッチ,0.1429,,,,640993,くるみ割り人形,0.2222,0.2222,yes,0.0119,未达到保守的自动确认阈值
wikipedia_only,2014,鬼灯的冷彻(OAD),鬼灯の冷徹,12月6日,https://zh.wikipedia.org/wiki/%E9%AC%BC%E7%87%88%E7%9A%84%E5%86%B7%E5%BE%B9,104196,伪恋 OAD,ニセコイ OAD,0.4615,118696,姉ログ 靄子姉さんの止まらないモノローグ,0.4444,84864,ノラガミ OAD,0.4286,,,,84864,ノラガミ OAD,0.1667,0.1667,no,0.0833,未达到保守的自动确认阈值
wikipedia_only,2015,强袭魔女 Operation Victory Arrow 第2话 爱琴海的女神,ストライクウィッチーズ Operation Victory Arrow Vol.2 エーゲ海の女神,1月10日,https://zh.wikipedia.org/wiki/%E5%BC%B7%E8%A5%B2%E9%AD%94%E5%A5%B3,144562,今夕何夕,World of Tomorrow,0.3673,491193,Open Season: Scared Silly,0.3273,117151,PERSONA3 THE MOVIE #3 Falling Down,0.3226,,,,491193,Open Season: Scared Silly,0.3125,0.3125,no,0.0022,未达到保守的自动确认阈值
likely_translation,2015,机动战士高达 THE ORIGIN I 蓝眼的卡斯巴尔,機動戦士ガンダム THE ORIGIN I 青い瞳のキャスバル,2月28日,https://zh.wikipedia.org/wiki/%E6%A9%9F%E5%8B%95%E6%88%B0%E5%A3%ABGUNDAM_THE_ORIGIN,62680,机动战士高达 THE ORIGIN,機動戦士ガンダム THE ORIGIN,0.7895,133858,The Good Dinosaur,0.3158,131090,学園ハンサム The Animation,0.3111,,,,62680,機動戦士ガンダム THE ORIGIN,0.7727,0.7727,no,0.4616,未达到保守的自动确认阈值
wikipedia_only,2015,翠星上的加尔冈缇亚~遥远的巡回航路~后篇,翠星のガルガンティア~めぐる航路、遥か~ 後編,4月4日,https://zh.wikipedia.org/wiki/%E7%BF%A0%E6%98%9F%E4%B8%8A%E7%9A%84%E5%8A%A0%E7%88%BE%E5%B2%A1%E7%B7%B9%E4%BA%9E,72266,少女与战车 剧场版,ガールズ&パンツァー 劇場版,0.1935,101267,劇場版 進撃の巨人 後編〜自由の翼〜,0.1875,130609,台風のノルダ,0.1667,,,,72266,ガールズ＆パンツァー 劇場版,0.1935,0.2143,no,0.0143,未达到保守的自动确认阈值
wikipedia_only,2015,幸福光晕~毕业写真~第1部 芽,たまゆら~卒業写真~第1部 芽-きざし-,4月4日,https://zh.wikipedia.org/wiki/%E5%B9%B8%E7%A6%8F%E5%85%89%E6%9A%88,109869,玉响~毕业写真~,たまゆら~卒業写真~,0.6957,163169,第10回東方M-1ぐらんぷり,0.1739,139400,おでまし小魔神フーパ,0.16,,,,109869,たまゆら～卒業写真～,0.6957,0.6957,no,0.5357,未达到保守的自动确认阈值
wikipedia_only,2015,剧场版“女神异闻录3”第3章,劇場版「ペルソナ3」第3章,4月4日,https://zh.wikipedia.org/wiki/%E5%A5%B3%E7%A5%9E%E7%95%B0%E8%81%9E%E9%8C%843,117151,女神异闻录3 剧场版 第三章 秋降,PERSONA3 THE MOVIE #3 Falling Down,0.6154,129222,劇場版 弱虫ペダル,0.5263,107099,劇場版 蒼き鋼のアルペジオ -アルス・ノヴァ- DC,0.3226,,,,117151,ペルソナ3 劇場版,0.5263,0.7692,yes,0.2679,未达到保守的自动确认阈值
wikipedia_only,2015,强袭魔女 Operation Victory Arrow 第3话 阿纳姆的桥,ストライクウィッチーズ Operation Victory Arrow Vol.3 アルンヘムの橋,5月2日,https://zh.wikipedia.org/wiki/%E5%BC%B7%E8%A5%B2%E9%AD%94%E5%A5%B3,144562,今夕何夕,World of Tomorrow,0.375,491193,Open Season: Scared Silly,0.3333,117151,PERSONA3 THE MOVIE #3 Falling Down,0.3279,,,,491193,Open Season: Scared Silly,0.3125,0.3125,no,0.0022,未达到保守的自动确认阈值
likely_translation,2015,DuRaRaRa!!×2 承 第4.5话“我的心是火锅的形状”,デュラララ!!×2 承 外伝!? 第4.5話「私の心は鍋模様」,5月30日,https://zh.wikipedia.org/wiki/%E7%84%A1%E9%A0%AD%E9%A8%8E%E5%A3%AB%E7%95%B0%E8%81%9E%E9%8C%84_DuRaRaRa!!,126581,无头骑士异闻录×2 承 我的心是火锅的形状,デュラララ!!×2 承 私の心は鍋模様,0.8235,163873,Battle of Surabaya,0.2564,119034,Hotel Transylvania 2,0.2439,,,,126581,デュラララ!!×2 承 私の心は鍋模様,0.8235,0.8235,no,0.7435,未达到保守的自动确认阈值
wikipedia_only,2015,幸福光晕~毕业写真~第2部 响,たまゆら~卒業写真~第2部 響-ひびき-,8月29日,https://zh.wikipedia.org/wiki/%E5%B9%B8%E7%A6%8F%E5%85%89%E6%9A%88,109869,玉响~毕业写真~,たまゆら~卒業写真~,0.6957,139786,12歳。 第2期,0.2222,118910,あの日見た花の名前を僕達はまだ知らない。 新剧场版,0.1579,,,,109869,たまゆら～卒業写真～,0.6957,0.6957,no,0.5052,未达到保守的自动确认阈值
likely_translation,2015,机动战士高达 THE ORIGIN II 悲伤的阿尔黛西亚,機動戦士ガンダム THE ORIGIN II 哀しみのアルテイシア,10月31日,https://zh.wikipedia.org/wiki/%E6%A9%9F%E5%8B%95%E6%88%B0%E5%A3%ABGUNDAM_THE_ORIGIN,62680,机动战士高达 THE ORIGIN,機動戦士ガンダム THE ORIGIN,0.75,131090,学園ハンサム The Animation,0.3404,133858,The Good Dinosaur,0.3,,,,62680,機動戦士ガンダム THE ORIGIN シャア・セイラ編,0.7547,0.7547,no,0.4143,未达到保守的自动确认阈值
wikipedia_only,2015,DuRaRaRa!!×2 转 外传!? 第13.5话,デュラララ!!×2 転 外伝!? 第13.5話「お惚気チャカポコ」,11月14日,https://zh.wikipedia.org/wiki/%E7%84%A1%E9%A0%AD%E9%A8%8E%E5%A3%AB%E7%95%B0%E8%81%9E%E9%8C%84_DuRaRaRa!!,126581,无头骑士异闻录×2 承 我的心是火锅的形状,デュラララ!!×2 承 私の心は鍋模様,0.3333,163873,Battle of Surabaya,0.303,119034,Hotel Transylvania 2,0.2857,,,,126581,デュラララ!!×2 承 私の心は鍋模様,0.3333,0.3333,no,0.2593,未达到保守的自动确认阈值
wikipedia_only,2015,幸福光晕~毕业写真~第3部 憧,たまゆら~卒業写真~第3部 憧-あこがれ-,11月28日,https://zh.wikipedia.org/wiki/%E5%B9%B8%E7%A6%8F%E5%85%89%E6%9A%88,109869,玉响~毕业写真~,たまゆら~卒業写真~,0.6667,118910,あの日見た花の名前を僕達はまだ知らない。 新剧场版,0.1538,119344,心が叫びたがってるんだ。,0.1481,,,,109869,たまゆら～卒業写真～,0.6667,0.6667,no,0.5185,未达到保守的自动确认阈值
wikipedia_only,2016,幸福光晕~毕业写真~第4部 朝,たまゆら~卒業写真~第4部 朝-あした-,4月2日,https://zh.wikipedia.org/wiki/%E5%B9%B8%E7%A6%8F%E5%85%89%E6%9A%88,183394,元气少女缘结神 新婚篇,神様はじめました「神様、幸せになる」,0.2,157922,天地無用! 魎皇鬼 第四期,0.1818,177084,ダイヤのA act2 OAD,0.1818,,,,183394,神様はじめました「神様、幸せになる」,0.2,0.2,no,0.04,未达到保守的自动确认阈值
wikipedia_only,2016,机动战士高达 THE ORIGIN III 破晓起义,機動戦士ガンダムTHE ORIGIN III 暁の蜂起,5月21日,https://zh.wikipedia.org/wiki/%E6%A9%9F%E5%8B%95%E6%88%B0%E5%A3%ABGUNDAM_THE_ORIGIN,180172,机动战士高达 雷霆宙域 DECEMBER SKY,機動戦士ガンダム サンダーボルト DECEMBER SKY,0.4,190485,Kubo and the Two Strings,0.3333,110658,Under The Dog,0.303,,,,180172,機動戦士ガンダム サンダーボルト DECEMBER SKY,0.4,0.4,no,0.0818,未达到保守的自动确认阈值
wikipedia_only,2016,DuRaRaRa!!×2 转 外传!? 第19.5话“DuFuFuFu!!”,デュラララ!!×2 転 外伝!? 第19.5話「デュフフフ!!」,5月21日,https://zh.wikipedia.org/wiki/%E7%84%A1%E9%A0%AD%E9%A8%8E%E5%A3%AB%E7%95%B0%E8%81%9E%E9%8C%84_DuRaRaRa!!,172957,无头骑士异闻录×2 结 DuFuFuFu!!,デュラララ!!×2 結 デュフフフ!!,0.7097,145745,デュラララ!!×2 転 お惚気チャカポコ,0.4118,294627,Decorado,0.2424,,,,172957,デュラララ!!×2 結 デュフフフ!!,0.7097,0.7097,no,0.2979,未达到保守的自动确认阈值
wikipedia_only,2016,王者之剑 最终幻想XV,キングスグレイブ ファイナルファンタジーXV,7月9日,https://zh.wikipedia.org/wiki/%E7%8E%8B%E8%80%85%E4%B9%8B%E5%8A%8D_%E6%9C%80%E7%B5%82%E5%B9%BB%E6%83%B3XV,176296,最终幻想15 王者之剑,KINGSGLAIVE FINAL FANTASY XV,0.4,181880,クビキリサイクル 青色サヴァンと戯言遣い,0.25,171120,黒子のバスケ ウインターカップ総集編 ~影と光~,0.2439,,,,181880,クビキリサイクル 青色サヴァンと戯言遣い,0.25,0.25,no,0.0061,未达到保守的自动确认阈值
wikipedia_only,2016,寿司警察,SUSHI POLICE,7月9日,https://zh.wikipedia.org/w/index.php?title=%E5%A3%BD%E5%8F%B8%E8%AD%A6%E5%AF%9F&action=edit&redlink=1,183366,Trick or Alice,トリック・オア・アリス,0.5217,207440,Once Upon a Line,0.5,435599,Robinson Crusoe,0.4,,,,183366,Trick or Alice,0.5217,0.5217,no,0.0217,未达到保守的自动确认阈值
wikipedia_only,2016,机动战士高达 THE ORIGIN IV 命运的前夜,機動戦士ガンダムTHE ORIGIN IV 運命の前夜,11月19日,https://zh.wikipedia.org/wiki/%E6%A9%9F%E5%8B%95%E6%88%B0%E5%A3%ABGUNDAM_THE_ORIGIN,180172,机动战士高达 雷霆宙域 DECEMBER SKY,機動戦士ガンダム サンダーボルト DECEMBER SKY,0.4,190485,Kubo and the Two Strings,0.3333,110658,Under The Dog,0.303,,,,180172,機動戦士ガンダム サンダーボルト DECEMBER SKY,0.4,0.4,no,0.0818,未达到保守的自动确认阈值
likely_translation,2016,剧场版 舰队Collection,劇場版 艦隊これくしょん -艦これ-,11月26日,https://zh.wikipedia.org/wiki/%E8%89%A6%E9%9A%8ACollection,143093,舰队Collection 剧场版,劇場版 艦これ,0.8,203665,Ballerina,0.4167,161942,Ice Age: Collision Course,0.3889,,,,143093,劇場版 艦これ,0.6,0.4286,yes,0.625,未达到保守的自动确认阈值
likely_translation,2016,怪物弹珠 THE MOVIE,モンスターストライク THE MOVIE,12月10日,https://zh.wikipedia.org/wiki/%E6%80%AA%E7%89%A9%E5%BD%88%E7%8F%A0,187935,怪物弹珠 THE MOVIE 前往起始之地,モンスターストライク THE MOVIE はじまりの場所へ,0.8182,147343,The Angry Birds Movie,0.5333,495019,ドラゴンボールZ・ザ・リアル 4-D,0.4167,,,,187935,モンスターストライク THE MOVIE はじまりの場所へ,0.8182,0.7143,yes,0.3987,未达到保守的自动确认阈值
wikipedia_only,2016,喜欢上你的那瞬间。~告白实行委员会~,好きになるその瞬間を。~告白実行委員会~,12月17日,https://zh.wikipedia.org/wiki/%E5%91%8A%E7%99%BD%E5%AF%A6%E8%A1%8C%E5%A7%94%E5%93%A1%E6%9C%83_%EF%BD%9E%E6%88%80%E6%84%9B%E7%B3%BB%E5%88%97%EF%BD%9E,140020,从很久以前就喜欢你了。~告白实行委员会~,ずっと前から好きでした。~告白実行委員会~,0.625,160209,君の名は。,0.2105,183394,神様はじめました「神様、幸せになる」,0.1875,,,,140020,ずっと前から好きでした。～告白実行委員会～,0.5143,0.5143,no,0.3268,未达到保守的自动确认阈值
likely_translation,2016,甲铁城的卡巴内瑞 前篇,甲鉄城のカバネリ 前編,12月31日,https://zh.wikipedia.org/wiki/%E7%94%B2%E9%90%B5%E5%9F%8E%E7%9A%84%E5%8D%A1%E5%B7%B4%E5%85%A7%E9%87%8C,508579,甲铁城的卡巴内利 序章,甲鉄城のカバネリ 序章,0.8,186160,甲鉄城のカバネリ 総集編 前編 集う光,0.7692,7707,傷物語〈I 鉄血篇〉,0.2353,,,,508579,甲鉄城のカバネリ 序章,0.8,0.8,no,0.0058,未达到保守的自动确认阈值
wikipedia_only,2017,OVERLORD 剧场版总集篇 前篇 “不死者之王”,オーバーロード 劇場版総集編 前編 「不死者の王」,2月25日,https://zh.wikipedia.org/wiki/OVERLORD_(%E5%B0%8F%E8%AA%AA),194036,剧场版总集篇 OVERLORD 不死者之王,劇場版総集編 オーバーロード 不死者の王,0.65,198968,劇場版総集編 オーバーロード 漆黒の英雄,0.4211,174318,SUPER LOVERS OAD,0.3429,,,,194036,劇場版総集編 オーバーロード 不死者の王,0.6316,0.75,yes,0.275,未达到保守的自动确认阈值
likely_translation,2017,大白熊热恋中,恋するシロクマ,3月4日,https://zh.wikipedia.org/wiki/%E5%A4%A7%E7%99%BD%E7%86%8A%E7%86%B1%E6%88%80%E4%B8%AD,224547,,恋するシロクマ 「不安」篇,0.8235,221327,恋するシロクマ 「誤解」篇,0.8235,235552,恋するシロクマ 「お星様」篇,0.7778,,,,224547,恋するシロクマ 「不安」篇,0.8235,0.8235,no,0.0,未达到保守的自动确认阈值
wikipedia_only,2017,OVERLORD 剧场版总集篇 后篇 “漆黑的英雄”,オーバーロード 劇場版総集編 後編 「漆黒の英雄」,3月11日,https://zh.wikipedia.org/wiki/OVERLORD_(%E5%B0%8F%E8%AA%AA),198968,剧场版总集篇 OVERLORD 漆黑的英雄,劇場版総集編 オーバーロード 漆黒の英雄,0.65,194036,劇場版総集編 オーバーロード 不死者の王,0.4211,174318,SUPER LOVERS OAD,0.3429,,,,198968,劇場版総集編 オーバーロード 漆黒の英雄,0.6316,0.75,yes,0.275,未达到保守的自动确认阈值
wikipedia_only,2017,3年D班玻璃假面~起飞吧!我们的VR~,3ねんDぐみガラスの仮面 とびだせ!私たちのVR,7月22日,https://zh.wikipedia.org/wiki/3%E5%B9%B4D%E7%8F%AD%E7%8E%BB%E7%92%83%E5%81%87%E9%9D%A2,189546,想要传达你的声音,きみの声をとどけたい,0.25,210481,ぼのぼの 宇宙から来たともだち,0.2222,208313,ゴーちゃん。~モコとちんじゅうの森の仲間たち~,0.1905,,,,189546,きみの声をとどけたい,0.25,0.25,no,0.0278,未达到保守的自动确认阈值
wikipedia_only,2017,气球狗迪尼 不可思议的恐龙国度,ふうせんいぬティニー なんだかふしぎなきょうりゅうのくに,8月25日,https://zh.wikipedia.org/w/index.php?title=%E6%B0%A3%E7%90%83%E7%8B%97%E8%BF%AA%E5%B0%BC_%E4%B8%8D%E5%8F%AF%E6%80%9D%E8%AD%B0%E7%9A%84%E6%81%90%E9%BE%8D%E5%9C%8B%E5%BA%A6&action=edit&redlink=1,498187,哆啦A梦:宇宙不可思议大探险3 不可思议的地球,ドラえもん 宇宙ふしぎ大探検3 〜地球のふしぎ〜,0.2857,208313,ゴーちゃん。~モコとちんじゅうの森の仲間たち~,0.2128,218246,我的爸爸是国王,0.1905,,,,498187,ドラえもん 宇宙ふしぎ大探検3 〜地球のふしぎ〜,0.2128,0.2128,no,0.0,未达到保守的自动确认阈值
wikipedia_only,2017,前进吧!登山少女 回忆的礼物(OVA),ヤマノススメ おもいでプレゼント,10月28日,https://zh.wikipedia.org/wiki/%E5%89%8D%E9%80%B2%E5%90%A7%EF%BC%81%E7%99%BB%E5%B1%B1%E5%B0%91%E5%A5%B3,212200,武装少女 OAD,武装少女マキャヴェリズム OAD,0.3636,175533,ゆゆ式 OVA,0.2857,203781,DRIFTERS episode 13-14,0.2727,,,,212200,武装少女マキャヴェリズム OAD,0.0667,0.0667,no,0.0667,未达到保守的自动确认阈值
wikipedia_only,2017,少女与战车 最终章 第1话,ガールズ&パンツァー 最終章 第1話,12月9日,https://zh.wikipedia.org/wiki/%E5%B0%91%E5%A5%B3%E8%88%87%E6%88%B0%E8%BB%8A,212200,武装少女 OAD,武装少女マキャヴェリズム OAD,0.2222,193509,ハイスクール・フリート OVA,0.2143,211523,ハイキュー!! コンセプトの戦い,0.2105,,,,193509,ハイスクール・フリート OVA,0.2143,0.2143,no,0.0714,未达到保守的自动确认阈值
wikipedia_only,2018,Re:从零开始的异世界生活 Memory Snow,Re:ゼロから始める異世界生活 Memory Snow,10月6日,https://zh.wikipedia.org/wiki/Re:%E5%BE%9E%E9%9B%B6%E9%96%8B%E5%A7%8B%E7%9A%84%E7%95%B0%E4%B8%96%E7%95%8C%E7%94%9F%E6%B4%BB%E5%8A%87%E9%9B%86%E5%88%97%E8%A1%A8#OVA,244348,切尔诺贝利之春,Un printemps à Tchernobyl,0.2727,240583,映画 HUGっと!プリキュア♡ふたりはプリキュア オールスターズメモリーズ,0.2692,506660,Space Dreamers 〜宇宙兄弟 南波六太がやってきた!〜,0.2667,,,,244348,Un printemps à Tchernobyl,0.2609,0.2609,no,0.0016,未达到保守的自动确认阈值
wikipedia_only,2018,魔法少女奈叶Detonation,魔法少女リリカルなのは Detonation,10月19日,https://zh.wikipedia.org/wiki/%E9%AD%94%E6%B3%95%E5%B0%91%E5%A5%B3%E5%A5%88%E8%91%89%E7%B3%BB%E5%88%97,211438,ANEMONE/交响诗篇 Hi-Evolution,ANEMONE/交響詩篇エウレカセブン ハイエボリューション,0.3684,241955,The Death of Superman,0.3529,395293,The Donkey King,0.3448,,,,211438,ANEMONE/交响诗篇 Hi-Evolution,0.3256,0.3256,no,0.0179,未达到保守的自动确认阈值
likely_translation,2019,KING OF PRISM -Shiny Seven Stars-,KING OF PRISM -Shiny Seven Stars-,3月2日,https://zh.wikipedia.org/wiki/%E6%98%9F%E5%85%89%E5%B0%91%E7%94%B7_KING_OF_PRISM,249247,KING OF PRISM -Shiny Seven Stars- II翔×乔治×港,KING OF PRISM -Shiny Seven Stars- II カケル×ジョージ×ミナト,0.8966,249248,KING OF PRISM -Shiny Seven Stars- III レオ×ユウ×アレク,0.8667,249246,KING OF PRISM -Shiny Seven Stars- I プロローグ×ユキノジョウ×タイガ,0.8667,,,,249247,KING OF PRISM -Shiny Seven Stars- Ⅱ翔×乔治×港,0.8966,0.8966,no,0.0049,未达到保守的自动确认阈值
likely_translation,2019,潘多拉与小哈欠,パンドラとアクビ,4月5日,https://zh.wikipedia.org/w/index.php?title=%E6%BD%98%E5%A4%9A%E6%8B%89%E8%88%87%E5%B0%8F%E5%93%88%E6%AC%A0&action=edit&redlink=1,274357,潘多拉和小哈欠 前篇,パンドラとアクビ 前編 荒野の銃撃戦,0.75,277106,パンドラとアクビ 後編 精霊と怪獣の街,0.75,271785,ルパン三世 新作映画,0.2353,,,,274357,パンドラとアクビ 前編 荒野の銃撃戦,0.6667,0.6667,yes,0.0267,未达到保守的自动确认阈值
wikipedia_only,2019,电影 我家3姊妹,えいが うちの3姉妹,4月26日,https://zh.wikipedia.org/wiki/%E6%88%91%E5%AE%B63%E5%A7%8A%E5%A6%B9,257740,电影的阿松,えいがのおそ松さん,0.4444,270083,The Lego Movie 2: The Second Part,0.3077,451496,Playmobil: The Movie,0.2857,,,,257740,えいがのおそ松さん,0.4444,0.4444,no,0.4444,未达到保守的自动确认阈值
wikipedia_only,2019,少女与战车 最终章 第2话,ガールズ&パンツァー 最終章 第2話,6月15日,https://zh.wikipedia.org/wiki/%E5%B0%91%E5%A5%B3%E8%88%87%E6%88%B0%E8%BB%8A,271785,,ルパン三世 新作映画,0.25,241270,フレームアームズ・ガール~きゃっきゃうふふなワンダーランド~,0.2381,345559,Bloeistraat 11,0.2353,,,,241270,フレームアームズ・ガール～きゃっきゃうふふなワンダーランド～,0.2381,0.2381,no,0.2381,未达到保守的自动确认阈值
likely_translation,2019,银河英雄传说 Die Neue These 星乱(第2期第1章),銀河英雄伝説 Die Neue These 星乱 第一章,9月27日,https://zh.wikipedia.org/wiki/%E9%8A%80%E6%B2%B3%E8%8B%B1%E9%9B%84%E5%82%B3%E8%AA%AA,226224,银河英雄传说 Die Neue These 星乱 第3章,銀河英雄伝説 Die Neue These 星乱 第3章,0.9565,226223,銀河英雄伝説 Die Neue These 星乱 第2章,0.9565,226218,銀河英雄伝説 Die Neue These 星乱 第1章,0.9565,,,,226218,銀河英雄伝説 Die Neue These 星乱 第1章,0.9565,0.9565,yes,0.025,未达到保守的自动确认阈值
likely_translation,2019,银河英雄传说 Die Neue These 星乱(第2期第2章),銀河英雄伝説 Die Neue These 星乱 第二章,10月25日,https://zh.wikipedia.org/wiki/%E9%8A%80%E6%B2%B3%E8%8B%B1%E9%9B%84%E5%82%B3%E8%AA%AA,226224,银河英雄传说 Die Neue These 星乱 第3章,銀河英雄伝説 Die Neue These 星乱 第3章,0.9565,226223,銀河英雄伝説 Die Neue These 星乱 第2章,0.9565,226218,銀河英雄伝説 Die Neue These 星乱 第1章,0.9565,,,,226223,銀河英雄伝説 Die Neue These 星乱 第2章,0.9565,0.9565,yes,0.025,未达到保守的自动确认阈值
likely_translation,2019,银河英雄传说 Die Neue These 星乱(第2期第3章),銀河英雄伝説 Die Neue These 星乱 第三章,11月29日,https://zh.wikipedia.org/wiki/%E9%8A%80%E6%B2%B3%E8%8B%B1%E9%9B%84%E5%82%B3%E8%AA%AA,226224,银河英雄传说 Die Neue These 星乱 第3章,銀河英雄伝説 Die Neue These 星乱 第3章,0.9565,226223,銀河英雄伝説 Die Neue These 星乱 第2章,0.9565,226218,銀河英雄伝説 Die Neue These 星乱 第1章,0.9565,,,,226224,銀河英雄伝説 Die Neue These 星乱 第3章,0.9565,0.9565,yes,0.025,未达到保守的自动确认阈值
wikipedia_only,2020,想哭的我戴上了猫的面具,泣きたい私は猫をかぶる,6月19日,https://zh.wikipedia.org/wiki/%E6%83%B3%E5%93%AD%E7%9A%84%E6%88%91%E6%88%B4%E4%B8%8A%E4%BA%86%E8%B2%93%E7%9A%84%E9%9D%A2%E5%85%B7,655412,,くぅとしの 〜あなたがそばにいるだけで〜,0.2143,294991,どうにかなる日々,0.2105,297225,俺を好きなのはお前だけかよ~俺たちのゲームセット~,0.2,,,,655412,くぅとしの 〜あなたがそばにいるだけで〜,0.2143,0.2143,no,0.0038,未达到保守的自动确认阈值
wikipedia_only,2020,约会大作战 赤黑新章:虚或实,デート・ア・バレット デッド・オア・バレット,8月14日,https://zh.wikipedia.org/wiki/%E7%B4%84%E6%9C%83%E5%A4%A7%E4%BD%9C%E6%88%B0,309869,工作细胞:细胞大作战,「はたらく細胞!!」最強の敵、再び。体の中は“腸”大騒ぎ!,0.2857,485843,Bình Ngô đại chiến,0.25,242216,劇場版 ヴァイオレット・エヴァーガーデン,0.2286,,,,242216,劇場版 ヴァイオレット・エヴァーガーデン,0.2286,0.25,no,0.25,未达到保守的自动确认阈值
wikipedia_only,2020,电影 神奇柑仔店 现钓鲷鱼烧,映画 ふしぎ駄菓子屋 銭天堂 つりたい焼き,8月14日,https://zh.wikipedia.org/wiki/%E7%A5%9E%E5%A5%87%E6%9F%91%E4%BB%94%E5%BA%97,341389,屁屁侦探 瓢虫遗迹之谜,おしりたんてい テントウムシいせきの なぞ,0.2703,301231,ガールズ&パンツァー タイヤキ・ウォー!,0.2308,290993,映画 ギヴン,0.2105,,,,341389,映画 おしりたんてい テントウムシいせきの なぞ,0.359,0.2857,yes,0.1231,未达到保守的自动确认阈值
wikipedia_only,2020,特别上映版 工作细胞!!,特別上映版「はたらく細胞!!」,9月5日,https://zh.wikipedia.org/wiki/%E5%B7%A5%E4%BD%9C%E7%B4%B0%E8%83%9E,309869,工作细胞:细胞大作战,「はたらく細胞!!」最強の敵、再び。体の中は“腸”大騒ぎ!,0.4444,487334,动物特工局,0.2857,286132,バジャのスタジオ ~バジャのみた海~,0.1818,,,,309869,「はたらく細胞!!」最強の敵、再び。体の中は“腸”大騒ぎ！,0.3871,0.3871,yes,0.2871,未达到保守的自动确认阈值
wikipedia_only,2020,约会大作战 赤黑新章:红或白,デート・ア・バレット ナイトメア・オア・クイーン,11月13日,https://zh.wikipedia.org/wiki/%E7%B4%84%E6%9C%83%E5%A4%A7%E4%BD%9C%E6%88%B0,309869,工作细胞:细胞大作战,「はたらく細胞!!」最強の敵、再び。体の中は“腸”大騒ぎ!,0.2857,242216,劇場版 ヴァイオレット・エヴァーガーデン,0.2703,485843,Bình Ngô đại chiến,0.25,,,,242216,劇場版 ヴァイオレット・エヴァーガーデン,0.2703,0.2941,no,0.2428,未达到保守的自动确认阈值
wikipedia_only,2020,苍穹之战神 THE BEYOND(第7-9话),蒼穹のファフナー THE BEYOND,11月13日,https://zh.wikipedia.org/wiki/%E8%92%BC%E7%A9%B9%E4%B9%8B%E6%88%B0%E7%A5%9E,317884,飞奔去月球,Over the Moon,0.3571,309793,ド級編隊エグゼロス エグゼロスの日常 OAD,0.3,588247,劇場版 ごん -GON THE LITTLE FOX-,0.2703,,,,317884,Over the Moon,0.3571,0.3571,no,0.0446,未达到保守的自动确认阈值
wikipedia_only,2020,灰色:幻影扳机 THE ANIMATIION STARGAZER,グリザイア:ファントムトリガー THE ANIMATIION STARGAZER,11月27日,https://zh.wikipedia.org/wiki/%E7%81%B0%E8%89%B2%EF%BC%9A%E5%B9%BB%E5%BD%B1%E6%89%B3%E6%A9%9F,299934,超次元游戏 海王星 ~Hi☆Light~,超次元ゲイム ネプテューヌ THE ANIMATION ~Hi☆Light~,0.4776,279365,超次元ゲイム ネプテューヌ THE ANIMATION ~ねぷのなつやすみ~,0.4412,379657,DC Showcase: The Phantom Stranger,0.4286,,,,299934,超次元ゲイム ネプテューヌ THE ANIMATION ～Hi☆Light～,0.4776,0.4776,no,0.0364,未达到保守的自动确认阈值
wikipedia_only,2021,明日之叶,Tomorrow's Leaves,7月23日,https://zh.wikipedia.org/w/index.php?title=%E6%98%8E%E6%97%A5%E4%B9%8B%E8%91%89&action=edit&redlink=1,551902,穿越,La traversée,0.4615,348295,Mortal Kombat Legends: Battle of the Realms,0.3529,337699,The Mitchells vs. The Machines,0.35,,,,551902,La traversée,0.4615,0.4615,no,0.1086,未达到保守的自动确认阈值
wikipedia_only,2021,苍穹之战神 THE BEYOND(第10-12话),蒼穹のファフナー THE BEYOND,11月5日,https://zh.wikipedia.org/wiki/%E8%92%BC%E7%A9%B9%E4%B9%8B%E6%88%B0%E7%A5%9E,329948,水星领航员 The BENEDIZIONE,ARIA The BENEDIZIONE,0.4,403584,The Spine of Night,0.375,281325,グリザイア:ファントムトリガー THE ANIMATION スターゲイザー,0.32,,,,329948,ARIA The BENEDIZIONE,0.4,0.4,no,0.025,未达到保守的自动确认阈值
wikipedia_only,2022,电影版 DEEMO 樱色旋律 -你所弹奏的琴音 至今仍在回响-,劇場版 DEEMO サクラノオト -あなたの奏でた音が、今も響く-,2月25日,https://zh.wikipedia.org/wiki/%E9%9B%BB%E5%BD%B1%E7%89%88_DEEMO_%E6%AB%BB%E8%89%B2%E6%97%8B%E5%BE%8B_-%E4%BD%A0%E6%89%80%E5%BD%88%E5%A5%8F%E7%9A%84%E7%90%B4%E9%9F%B3_%E8%87%B3%E4%BB%8A%E4%BB%8D%E5%9C%A8%E8%BF%B4%E9%9F%BF-,294752,"DEEMO 樱花之音 -你奏响的音乐,如今依旧回荡- I still hear the sound of your piano",DEEMO サクラノオト -あなたの奏でた音が、今も響く- I still hear the sound of your piano,0.6,351713,劇場版アイカツプラネット!,0.2564,372472,劇場版IDOL舞SHOW,0.2564,,,,294752,DEEMO サクラノオト -あなたの奏でた音が、今も響く- I still hear the sound of your piano,0.6,0.6234,yes,0.392,未达到保守的自动确认阈值
likely_translation,2022,银河英雄传说 Die Neue These 激突(第3期第1章),銀河英雄伝説 Die Neue These 激突,3月4日,https://zh.wikipedia.org/wiki/%E9%8A%80%E6%B2%B3%E8%8B%B1%E9%9B%84%E5%82%B3%E8%AA%AA,361385,银河英雄传说 Die Neue These 激突 第3章,銀河英雄伝説 Die Neue These 激突 第3章,0.9388,315026,銀河英雄伝説 Die Neue These 激突 第1章,0.9388,361384,銀河英雄伝説 Die Neue These 激突 第2章,0.9302,,,,315026,銀河英雄伝説 Die Neue These 激突 第1章,0.9302,0.9302,yes,0.025,未达到保守的自动确认阈值
likely_translation,2022,银河英雄传说 Die Neue These 激突(第3期第2章),銀河英雄伝説 Die Neue These 激突,4月1日,https://zh.wikipedia.org/wiki/%E9%8A%80%E6%B2%B3%E8%8B%B1%E9%9B%84%E5%82%B3%E8%AA%AA,361385,银河英雄传说 Die Neue These 激突 第3章,銀河英雄伝説 Die Neue These 激突 第3章,0.9388,361384,銀河英雄伝説 Die Neue These 激突 第2章,0.9388,315026,銀河英雄伝説 Die Neue These 激突 第1章,0.9302,,,,361384,銀河英雄伝説 Die Neue These 激突 第2章,0.9302,0.9302,yes,0.025,未达到保守的自动确认阈值
likely_translation,2022,银河英雄传说 Die Neue These 激突(第3期第3章),銀河英雄伝説 Die Neue These 激突,5月13日,https://zh.wikipedia.org/wiki/%E9%8A%80%E6%B2%B3%E8%8B%B1%E9%9B%84%E5%82%B3%E8%AA%AA,361385,银河英雄传说 Die Neue These 激突 第3章,銀河英雄伝説 Die Neue These 激突 第3章,0.9388,361384,銀河英雄伝説 Die Neue These 激突 第2章,0.9302,315026,銀河英雄伝説 Die Neue These 激突 第1章,0.9302,,,,361385,銀河英雄伝説 Die Neue These 激突 第3章,0.9302,0.9302,yes,0.025,未达到保守的自动确认阈值
likely_translation,2022,特‘刀剑乱舞-花丸-’~雪之卷~,特『刀剣乱舞-花丸-』~雪ノ巻~,5月20日,https://zh.wikipedia.org/wiki/%E5%88%80%E5%8A%8D%E4%BA%82%E8%88%9E,365706,特『刀剑乱舞-花丸-』~雪月花~花之卷,特『刀剣乱舞-花丸-』~雪月華~華ノ巻,0.8696,365705,特『刀剣乱舞-花丸-』~雪月華~月ノ巻,0.8696,328197,特『刀剣乱舞-花丸-』~雪月華~雪ノ巻,0.8696,,,,328197,特『刀剣乱舞-花丸-』～雪月華～雪ノ巻,0.8696,0.8696,yes,0.025,未达到保守的自动确认阈值
likely_translation,2022,特‘刀剑乱舞-花丸-’~月之卷~,特『刀剣乱舞-花丸-』~月ノ巻~,7月8日,https://zh.wikipedia.org/wiki/%E5%88%80%E5%8A%8D%E4%BA%82%E8%88%9E,365706,特『刀剑乱舞-花丸-』~雪月花~花之卷,特『刀剣乱舞-花丸-』~雪月華~華ノ巻,0.8696,365705,特『刀剣乱舞-花丸-』~雪月華~月ノ巻,0.8696,328197,特『刀剣乱舞-花丸-』~雪月華~雪ノ巻,0.8696,,,,365705,特『刀剣乱舞-花丸-』～雪月華～月ノ巻,0.8696,0.8696,yes,0.025,未达到保守的自动确认阈值
likely_translation,2022,特‘刀剑乱舞-花丸-’~华之卷~,特『刀剣乱舞-花丸-』~華ノ巻~,9月1日,https://zh.wikipedia.org/wiki/%E5%88%80%E5%8A%8D%E4%BA%82%E8%88%9E,365706,特『刀剑乱舞-花丸-』~雪月花~花之卷,特『刀剣乱舞-花丸-』~雪月華~華ノ巻,0.8696,365705,特『刀剣乱舞-花丸-』~雪月華~月ノ巻,0.8696,328197,特『刀剣乱舞-花丸-』~雪月華~雪ノ巻,0.8696,,,,365706,特『刀剣乱舞-花丸-』～雪月華～華ノ巻,0.8696,0.8696,yes,0.025,未达到保守的自动确认阈值
wikipedia_only,2022,四叠半时光机布鲁斯,四畳半タイムマシンブルース,9月30日,https://zh.wikipedia.org/wiki/%E5%9B%9B%E7%96%8A%E5%8D%8A%E6%99%82%E5%85%89%E6%A9%9F%E8%97%8D%E8%AA%BF,347782,BLUE THERMAL,ブルーサーマル,0.3,341657,怪盗クイーンはサーカスがお好き,0.2857,349442,機動戦士ガンダム ククルス・ドアンの島,0.2609,,,,347782,ブルーサーマル,0.3,0.3,no,0.0143,未达到保守的自动确认阈值
likely_translation,2022,银河英雄传说 Die Neue These 策谋(第4期第1章),銀河英雄伝説 Die Neue These 策謀,9月30日,https://zh.wikipedia.org/wiki/%E9%8A%80%E6%B2%B3%E8%8B%B1%E9%9B%84%E5%82%B3%E8%AA%AA,381839,银河英雄传说 Die Neue These 策谋 第1章,銀河英雄伝説 Die Neue These 策謀 第1章,0.9388,381842,銀河英雄伝説 Die Neue These 策謀 第3章,0.9302,381841,銀河英雄伝説 Die Neue These 策謀 第2章,0.9302,,,,381839,銀河英雄伝説 Die Neue These 策謀 第1章,0.9302,0.9302,yes,0.025,未达到保守的自动确认阈值
likely_translation,2022,银河英雄传说 Die Neue These 策谋(第4期第2章),銀河英雄伝説 Die Neue These 策謀,10月28日,https://zh.wikipedia.org/wiki/%E9%8A%80%E6%B2%B3%E8%8B%B1%E9%9B%84%E5%82%B3%E8%AA%AA,381841,银河英雄传说 Die Neue These 策谋 第2章,銀河英雄伝説 Die Neue These 策謀 第2章,0.9388,381842,銀河英雄伝説 Die Neue These 策謀 第3章,0.9302,381839,銀河英雄伝説 Die Neue These 策謀 第1章,0.9302,,,,381841,銀河英雄伝説 Die Neue These 策謀 第2章,0.9302,0.9302,yes,0.025,未达到保守的自动确认阈值
likely_translation,2022,银河英雄传说 Die Neue These 策谋(第4期第3章),銀河英雄伝説 Die Neue These 策謀,11月25日,https://zh.wikipedia.org/wiki/%E9%8A%80%E6%B2%B3%E8%8B%B1%E9%9B%84%E5%82%B3%E8%AA%AA,381842,银河英雄传说 Die Neue These 策谋 第3章,銀河英雄伝説 Die Neue These 策謀 第3章,0.9388,381841,銀河英雄伝説 Die Neue These 策謀 第2章,0.9302,381839,銀河英雄伝説 Die Neue These 策謀 第1章,0.9302,,,,381842,銀河英雄伝説 Die Neue These 策謀 第3章,0.9302,0.9302,yes,0.025,未达到保守的自动确认阈值
wikipedia_only,2022,七大罪:爱丁堡的恩怨 1,七つの大罪 怨嗟のエジンバラ 前編,12月20日,https://zh.wikipedia.org/wiki/%E4%B8%83%E5%A4%A7%E7%BD%AA_(%E6%BC%AB%E7%95%AB),325571,哆啦A梦:大雄的宇宙小战争 2021,映画ドラえもん のび太の宇宙小戦争2021,0.2308,363041,僕が愛したすべての君へ,0.2222,363042,君を愛したひとりの僕へ,0.2222,,,,325571,映画ドラえもん のび太の宇宙小戦争2021,0.1143,0.1212,no,0.0443,未达到保守的自动确认阈值
wikipedia_only,2023,七大罪:爱丁堡的恩怨 2,七つの大罪 怨嗟のエジンバラ 後編,8月8日,https://zh.wikipedia.org/wiki/%E4%B8%83%E5%A4%A7%E7%BD%AA_(%E6%BC%AB%E7%95%AB),453179,银魂ON THEATER 2D 荆棘流氓篇,銀魂オンシアター2D バラガキ篇,0.2,414590,大雪海のカイナ ほしのけんじゃ,0.2,448495,アイドルマスター シャイニーカラーズ 第2章,0.1905,,,,414590,大雪海のカイナ ほしのけんじゃ,0.2069,0.2069,no,0.0069,未达到保守的自动确认阈值
wikipedia_only,2023,少女与战车 最终章 第4话,ガールズ&パンツァー 最終章 第4話,10月6日,https://zh.wikipedia.org/wiki/%E5%B0%91%E5%A5%B3%E8%88%87%E6%88%B0%E8%BB%8A,447189,奇迹少女,Miraculous - Le Film,0.2667,427360,劇場版 ポールプリンセス!!,0.2308,415728,劇場版 美少女戦士セーラームーンCosmos 後編,0.2222,,,,427360,劇場版 ポールプリンセス!!,0.2308,0.2609,no,0.1466,未达到保守的自动确认阈值
likely_translation,2024,赛马娘 Pretty Derby ROAD TO THE TOP(剧场用再编辑版),ウマ娘 プリティーダービー ROAD TO THE TOP,5月10日,https://zh.wikipedia.org/wiki/%E8%B3%BD%E9%A6%AC%E5%A8%98_Pretty_Derby_(%E5%8B%95%E7%95%AB),486264,『赛马娘 巅峰之路』电影剪辑版,劇場用再編集版『ウマ娘 プリティーダービー ROAD TO THE TOP』,0.8727,472620,ウマ娘 プリティーダービー 新時代の扉,0.5854,467732,パリピ孔明 Road to Summer Sonia,0.3913,,,,486264,劇場用再編集版『ウマ娘 プリティーダービー ROAD TO THE TOP』,0.8727,0.8727,yes,0.3124,未达到保守的自动确认阈值
likely_translation,2024,偶像大师 闪耀色彩 第2季第1章,アイドルマスター シャイニーカラーズ 2nd season 第1章,7月5日,https://zh.wikipedia.org/wiki/%E5%81%B6%E5%83%8F%E5%A4%A7%E5%B8%AB_%E9%96%83%E8%80%80%E8%89%B2%E5%BD%A9,448496,偶像大师 闪耀色彩 第3章,アイドルマスター シャイニーカラーズ 第3章,0.8,531640,アイドルマスター ミリオンライブ! 第3幕先行上映アンコールMV「Rat A Tat!!!」,0.3385,443758,Transformers One,0.2727,,,,531640,アイドルマスター ミリオンライブ！ 第3幕先行上映アンコールMV「Rat A Tat!!!」,0.3385,0.3385,no,0.0657,未达到保守的自动确认阈值
likely_translation,2024,偶像大师 闪耀色彩 第2季第2章,アイドルマスター シャイニーカラーズ 2nd season 第2章,8月23日,https://zh.wikipedia.org/wiki/%E5%81%B6%E5%83%8F%E5%A4%A7%E5%B8%AB_%E9%96%83%E8%80%80%E8%89%B2%E5%BD%A9,448496,偶像大师 闪耀色彩 第3章,アイドルマスター シャイニーカラーズ 第3章,0.8,531640,アイドルマスター ミリオンライブ! 第3幕先行上映アンコールMV「Rat A Tat!!!」,0.3385,443758,Transformers One,0.2727,,,,531640,アイドルマスター ミリオンライブ！ 第3幕先行上映アンコールMV「Rat A Tat!!!」,0.3385,0.3385,no,0.0657,未达到保守的自动确认阈值
likely_translation,2024,偶像大师 闪耀色彩 第2季第3章,アイドルマスター シャイニーカラーズ 2nd season 第3章,9月20日,https://zh.wikipedia.org/wiki/%E5%81%B6%E5%83%8F%E5%A4%A7%E5%B8%AB_%E9%96%83%E8%80%80%E8%89%B2%E5%BD%A9,448496,偶像大师 闪耀色彩 第3章,アイドルマスター シャイニーカラーズ 第3章,0.88,531640,アイドルマスター ミリオンライブ! 第3幕先行上映アンコールMV「Rat A Tat!!!」,0.3385,443758,Transformers One,0.2727,,,,531640,アイドルマスター ミリオンライブ！ 第3幕先行上映アンコールMV「Rat A Tat!!!」,0.3385,0.3385,no,0.0407,未达到保守的自动确认阈值
likely_translation,2025,剧场版 烧窑的话也要马克杯-动画总集篇-欢迎回来,劇場版「やくならマグカップも」-アニメ総集編-お帰りなさい,3月22日,https://zh.wikipedia.org/wiki/%E7%87%92%E7%AA%AF%E7%9A%84%E8%A9%B1%E4%B9%9F%E8%A6%81%E9%A6%AC%E5%85%8B%E6%9D%AF,620064,如果烧陶的话也做个马克杯吧 二番窑 剧场总集篇,やくならマグカップも 二番窯-アニメ総集編-,0.7273,496945,やくならマグカップも 劇場版,0.5263,512793,劇場版総集編 ガールズバンドクライ なぁ、未来。,0.3784,,,,620064,やくならマグカップも 二番窯－アニメ総集編－,0.7273,0.7805,no,0.1555,未达到保守的自动确认阈值
wikipedia_only,2025,剧场版总集篇 咒术回战 怀玉・玉折,劇場版総集編 呪術廻戦 懐玉・玉折,5月30日,https://zh.wikipedia.org/wiki/%E5%92%92%E8%A1%93%E8%BF%B4%E6%88%B0_(%E5%8B%95%E7%95%AB),509599,咒术回战 怀玉·玉折 总集篇,呪術廻戦 懐玉・玉折 総集編,0.64,512793,劇場版総集編 ガールズバンドクライ なぁ、未来。,0.4,512792,劇場版総集編 ガールズバンドクライ 青春狂走曲,0.375,,,,509599,呪術廻戦 懐玉・玉折 総集編,0.64,0.7273,yes,0.3993,未达到保守的自动确认阈值
wikipedia_only,2025,BULLET/BULLET 弹丸疾走篇,BULLET/BULLET 弾丸疾走編,7月25日,https://zh.wikipedia.org/w/index.php?title=BULLET/BULLET&action=edit&redlink=1,561258,,Allah n'est pas obligé,0.3429,656261,Samuel - L'intégrale de la série,0.2857,621662,Dieu est timide,0.2667,,,,561258,Allah n'est pas obligé,0.3429,0.3429,no,0.0571,未达到保守的自动确认阈值
wikipedia_only,2025,BULLET/BULLET 弹丸决战篇,BULLET/BULLET 弾丸決戦編,8月15日,https://zh.wikipedia.org/w/index.php?title=BULLET/BULLET&action=edit&redlink=1,561258,,Allah n'est pas obligé,0.3429,656261,Samuel - L'intégrale de la série,0.2857,621662,Dieu est timide,0.2667,,,,561258,Allah n'est pas obligé,0.3429,0.3429,no,0.0571,未达到保守的自动确认阈值
likely_translation,2025,剧场先行版‘黄金神威’札幌啤酒工厂篇【前篇】,劇場先行版『ゴールデンカムイ』札幌ビール工場編【前編】,10月10日,https://zh.wikipedia.org/wiki/%E9%BB%83%E9%87%91%E7%A5%9E%E5%A8%81,610350,黄金神威 札幌啤酒工厂篇 前篇,ゴールデンカムイ 札幌ビール工場編 前編,0.878,610359,ゴールデンカムイ 札幌ビール工場編 後編,0.8293,564244,ゴールデンカムイ 稲妻強盗と蝮のお銀編&シマエナガ編,0.4255,,,,564244,ゴールデンカムイ 稲妻強盗と蝮のお銀編＆シマエナガ編,0.4255,0.4255,no,0.4255,未达到保守的自动确认阈值
likely_translation,2025,剧场先行版‘黄金神威’札幌啤酒工厂篇【后篇】,劇場先行版『ゴールデンカムイ』札幌ビール工場編【後編】,10月31日,https://zh.wikipedia.org/wiki/%E9%BB%83%E9%87%91%E7%A5%9E%E5%A8%81,610359,黄金神威 札幌啤酒工厂篇 后篇,ゴールデンカムイ 札幌ビール工場編 後編,0.878,610350,ゴールデンカムイ 札幌ビール工場編 前編,0.8293,564244,ゴールデンカムイ 稲妻強盗と蝮のお銀編&シマエナガ編,0.4255,,,,564244,ゴールデンカムイ 稲妻強盗と蝮のお銀編＆シマエナガ編,0.4255,0.4255,no,0.4255,未达到保守的自动确认阈值
wikipedia_only,2025,我们不可能成为恋人!绝对不行。(※似乎可行?)~Next Shine~,わたしが恋人になれるわけないじゃん、ムリムリ!(※ムリじゃなかった!?)~ネクストシャイン!~,11月21日,https://zh.wikipedia.org/wiki/%E6%88%91%E5%80%91%E4%B8%8D%E5%8F%AF%E8%83%BD%E6%88%90%E7%82%BA%E6%88%80%E4%BA%BA%EF%BC%81%E7%B5%95%E5%B0%8D%E4%B8%8D%E8%A1%8C%E3%80%82%EF%BC%88%E2%80%BB%E4%BC%BC%E4%B9%8E%E5%8F%AF%E8%A1%8C%EF%BC%9F%EF%BC%89,562015,,Endless Cookie,0.2564,561258,Allah n'est pas obligé,0.2273,538402,Lesbian Space Princess,0.2174,,,,562015,,0.0,0.0,no,0.0,未达到保守的自动确认阈值
